"Recipe Name";"Type of Dish";"Main Ingredient";"Cuisine";"Cooking Method";"Prep Time";"Cook Time";"Instructions"
"Spaghetti Bolognese";"Main Course";"Beef";"Italian";"Simmering";"10 minutes";"40 minutes";"Heat olive oil in a large pan over medium heat. Add finely chopped onions, carrots, and celery. Cook for 5-7 minutes until softened. Add minced beef and cook until browned. Pour in canned tomatoes, beef broth, and Italian herbs. Simmer uncovered for 30-40 minutes. Stir occasionally and season with salt and pepper. Serve over cooked spaghetti and garnish with fresh basil."
"Chicken Curry";"Main Course";"Chicken";"Indian";"Sautéing";"15 minutes";"30 minutes";"Heat oil in a large pan over medium heat. Add finely chopped onions and sauté until golden brown. Stir in minced garlic, ginger, and spices (turmeric, cumin, coriander). Add chicken pieces and cook until browned on all sides. Pour in coconut milk and canned tomatoes. Simmer for 25-30 minutes until the chicken is fully cooked. Stir occasionally and adjust seasoning. Serve with steamed rice and naan bread."
"Caesar Salad";"Appetizer";"Lettuce";"Western";"Tossing";"10 minutes";"0 minutes";"In a large bowl, toss chopped romaine lettuce with Caesar dressing. Add croutons and freshly grated Parmesan cheese. For extra protein, top with grilled chicken breast slices. Toss until well combined. Serve immediately with lemon wedges on the side."
"Chocolate Cake";"Dessert";"Chocolate";"Western";"Baking";"20 minutes";"35 minutes";"Preheat oven to 180°C (350°F). In a large bowl, whisk together flour, sugar, cocoa powder, baking powder, and salt. In another bowl, mix eggs, melted butter, and vanilla extract. Combine the wet and dry ingredients, and stir in milk until smooth. Pour batter into a greased baking pan and bake for 35-40 minutes, or until a toothpick inserted comes out clean. Let cool before serving."
"Grilled Salmon";"Main Course";"Salmon";"Western";"Grilling";"5 minutes";"10 minutes";"Preheat grill to high heat. Rub salmon fillets with olive oil, salt, and pepper. Place salmon on the grill, skin-side down, and cook for 5-6 minutes per side. Baste with lemon juice and herbs while grilling. Remove from the grill when the flesh is flaky. Serve with grilled vegetables or a fresh green salad."
"Fried Rice";"Main Course";"Rice";"Chinese";"Frying";"15 minutes";"20 minutes";"Heat oil in a large wok over high heat. Add chopped garlic, onions, and vegetables (carrots, peas, bell peppers). Stir-fry for 3-4 minutes. Push the vegetables to one side and scramble an egg on the other side of the wok. Stir in cooked rice, soy sauce, and a pinch of salt. Fry for another 5-6 minutes until everything is well combined and heated through. Garnish with green onions before serving."
"Beef Stew";"Main Course";"Beef";"French";"Simmering";"30 minutes";"50 minutes";"In a large pot, heat oil over medium heat. Add beef chunks and brown on all sides. Remove beef and set aside. In the same pot, sauté chopped onions, garlic, and carrots for 5 minutes. Return the beef to the pot and add beef broth, red wine, and bay leaves. Bring to a boil, then reduce heat and simmer for 1.5-2 hours, stirring occasionally. Season with salt, pepper, and fresh thyme. Serve with mashed potatoes or crusty bread."
"Pancakes";"Snack";"Eggs";"American";"Frying";"10 minutes";"15 minutes";"In a large bowl, mix flour, sugar, baking powder, and a pinch of salt. In another bowl, whisk eggs, milk, and melted butter. Combine the wet and dry ingredients, stirring until smooth. Heat a non-stick pan over medium heat and pour in a small amount of batter. Cook each pancake for 2-3 minutes per side, or until bubbles form on the surface and the edges are golden brown. Serve with syrup and fresh fruit."
"Tacos";"Main Course";"Beef";"Mexican";"Grilling";"15 minutes";"20 minutes";"Season ground beef with taco spices (cumin, chili powder, paprika). Heat oil in a pan over medium heat and cook the beef until browned. Warm corn tortillas on a dry skillet or grill. Fill each tortilla with cooked beef, fresh salsa, shredded lettuce, cheese, and guacamole. Garnish with cilantro and a squeeze of lime. Serve immediately."
"Sushi Rolls";"Appetizer";"Fish";"Japanese";"Rolling";"10 minutes";"0 minutes";"Place a sheet of nori (seaweed) on a bamboo mat. Spread a thin layer of cooked sushi rice on the nori, leaving a small border. Place thin slices of fish, cucumber, and avocado in the center. Roll tightly using the bamboo mat, then slice into bite-sized pieces with a sharp knife. Serve with soy sauce, pickled ginger, and wasabi."
"Beef Stroganoff";"Main Course";"Beef";"Russian";"Sautéing";"15 minutes";"30 minutes";"Heat oil in a large pan over medium heat. Add beef strips and cook until browned. Remove beef and set aside. In the same pan, sauté onions and garlic until translucent. Add mushrooms and cook until tender. Stir in flour and cook for 1 minute. Gradually add beef broth and sour cream, stirring until smooth. Return beef to the pan and simmer until cooked through. Serve over egg noodles or rice."
"Chicken Alfredo";"Main Course";"Chicken";"Italian";"Sautéing";"15 minutes";"20 minutes";"Cook pasta according to package instructions. In a large skillet, heat butter and sauté garlic until fragrant. Add chicken and cook until no longer pink. Stir in cream and Parmesan cheese, and cook until the sauce thickens. Toss in cooked pasta and season with salt and pepper. Garnish with parsley and serve."
"Greek Salad";"Appetizer";"Tomato";"Greek";"Tossing";"10 minutes";"0 minutes";"In a large bowl, combine chopped tomatoes, cucumbers, red onions, and Kalamata olives. Add crumbled feta cheese and fresh oregano. Toss with olive oil and lemon juice. Season with salt and pepper to taste. Serve chilled or at room temperature."
"Vegetable Stir-Fry";"Main Course";"Vegetables";"Asian";"Stir-Frying";"10 minutes";"15 minutes";"Heat oil in a wok or large pan over high heat. Add chopped garlic and ginger, then stir-fry for 1 minute. Add mixed vegetables (bell peppers, broccoli, carrots) and cook until just tender. Stir in soy sauce and a pinch of sugar. Cook for an additional 2 minutes. Serve with rice or noodles."
"Lasagna";"Main Course";"Beef";"Italian";"Baking";"30 minutes";"60 minutes";"Preheat oven to 180°C (350°F). In a large skillet, cook ground beef with onions and garlic until browned. Stir in tomato sauce and herbs. In a separate bowl, mix ricotta cheese with egg and Parmesan. Spread a layer of meat sauce in a baking dish, followed by a layer of lasagna noodles, then a layer of cheese mixture. Repeat layers and top with mozzarella cheese. Bake for 45 minutes. Let cool before serving."
"Chicken Parmesan";"Main Course";"Chicken";"Italian";"Baking";"20 minutes";"30 minutes";"Preheat oven to 200°C (400°F). Pound chicken breasts to an even thickness. Dredge in flour, dip in beaten egg, and coat with breadcrumbs. Fry in olive oil until golden brown. Place chicken in a baking dish, top with marinara sauce and mozzarella cheese. Bake for 20-25 minutes until chicken is cooked through and cheese is melted. Serve with spaghetti."
"Vegetable Soup";"Appetizer";"Vegetables";"Western";"Simmering";"15 minutes";"30 minutes";"In a large pot, heat olive oil and sauté onions, garlic, and celery until softened. Add chopped vegetables (carrots, potatoes, green beans) and vegetable broth. Bring to a boil, then reduce heat and simmer until vegetables are tender. Season with salt, pepper, and herbs. Serve hot with crusty bread."
"Beef Tacos";"Main Course";"Beef";"Mexican";"Grilling";"10 minutes";"15 minutes";"Season ground beef with taco seasoning and cook in a skillet until browned. Warm taco shells or tortillas. Fill each shell with beef, shredded lettuce, diced tomatoes, and cheese. Top with salsa and a squeeze of lime juice. Serve with a side of sour cream and guacamole."
"Quiche Lorraine";"Main Course";"Eggs";"French";"Baking";"20 minutes";"40 minutes";"Preheat oven to 180°C (350°F). Prepare pie crust and fit into a pie dish. In a bowl, whisk together eggs, cream, salt, and pepper. Stir in cooked bacon and grated cheese. Pour into pie crust and bake for 35-40 minutes until set and golden brown. Let cool slightly before serving."
"Buffalo Wings";"Appetizer";"Chicken";"American";"Frying";"15 minutes";"25 minutes";"Preheat oil in a deep fryer or large pot. Toss chicken wings in a mixture of flour and spices. Fry in batches until crispy and cooked through. In a separate bowl, mix hot sauce and melted butter. Toss fried wings in the sauce. Serve with celery sticks and blue cheese dressing."
"Chili Con Carne";"Main Course";"Beef";"Mexican";"Simmering";"15 minutes";"45 minutes";"In a large pot, cook ground beef with onions and garlic until browned. Add chopped bell peppers, tomatoes, and kidney beans. Stir in chili powder, cumin, and paprika. Simmer for 30-40 minutes until thickened. Season with salt and pepper. Serve with cornbread or over rice."
"Chicken Caesar Wrap";"Snack";"Chicken";"American";"Rolling";"10 minutes";"10 minutes";"In a bowl, combine cooked chicken strips with Caesar dressing and Parmesan cheese. Place a tortilla on a flat surface and spread with a layer of Caesar dressing. Add the chicken mixture and some chopped romaine lettuce. Roll up tightly and cut in half. Serve immediately."
"Sweet and Sour Pork";"Main Course";"Pork";"Chinese";"Stir-Frying";"15 minutes";"20 minutes";"Cut pork into bite-sized pieces and coat with cornstarch. Fry in hot oil until golden brown. Remove and set aside. In the same pan, sauté bell peppers, onions, and pineapple chunks. Stir in sweet and sour sauce and add the pork back in. Cook until sauce thickens. Serve with rice."
"Eggplant Parmesan";"Main Course";"Eggplant";"Italian";"Baking";"20 minutes";"40 minutes";"Preheat oven to 200°C (400°F). Slice eggplant and coat with flour, egg, and breadcrumbs. Fry until golden brown. In a baking dish, layer eggplant slices with marinara sauce and mozzarella cheese. Bake for 30-35 minutes until bubbly and golden. Let cool before serving."
"Chicken Fajitas";"Main Course";"Chicken";"Mexican";"Grilling";"15 minutes";"20 minutes";"Slice chicken breasts and marinate in lime juice, oil, and fajita seasoning. Grill or cook in a skillet until cooked through. Slice bell peppers and onions, and cook in the same pan until tender. Serve with warm tortillas, salsa, guacamole, and sour cream."
"Garlic Mashed Potatoes";"Side Dish";"Potatoes";"American";"Boiling";"15 minutes";"20 minutes";"Peel and cut potatoes into chunks. Boil in salted water until tender. Drain and return to the pot. Mash with butter, cream, and minced garlic. Season with salt and pepper. Serve warm with a sprinkle of chopped parsley."
"Tom Yum Soup";"Appetizer";"Shrimp";"Thai";"Simmering";"10 minutes";"15 minutes";"In a pot, bring chicken broth to a boil. Add lemongrass, kaffir lime leaves, and galangal. Simmer for 5 minutes. Add shrimp and cook until pink. Stir in fish sauce, lime juice, and chili paste. Garnish with cilantro and serve hot."
"Beef Wellington";"Main Course";"Beef";"British";"Baking";"30 minutes";"50 minutes";"Preheat oven to 200°C (400°F). Sear beef fillet in a hot pan until browned. Let cool. Spread a layer of mushroom duxelles on a sheet of puff pastry. Place the beef on top and wrap in the pastry. Brush with egg wash and bake for 45 minutes. Let rest before slicing."
"Caprese Salad";"Appetizer";"Tomato";"Italian";"Tossing";"10 minutes";"0 minutes";"Arrange slices of fresh tomato and mozzarella cheese on a plate. Top with fresh basil leaves. Drizzle with olive oil and balsamic vinegar. Season with salt and pepper. Serve immediately."
"Beef Bourguignon";"Main Course";"Beef";"French";"Simmering";"20 minutes";"2 hours";"Preheat oven to 160°C (325°F). In a large pot, brown beef chunks. Remove and set aside. In the same pot, cook onions, carrots, and garlic until softened. Add red wine, beef broth, and tomato paste. Return beef to the pot and add bay leaves. Cover and bake for 1.5-2 hours. Serve with potatoes or crusty bread."
"Pesto Pasta";"Main Course";"Pasta";"Italian";"Boiling";"10 minutes";"15 minutes";"Cook pasta according to package instructions. In a food processor, blend basil, garlic, pine nuts, Parmesan cheese, and olive oil to make pesto. Toss cooked pasta with the pesto sauce. Serve with extra Parmesan cheese and pine nuts if desired."
"Shrimp Scampi";"Main Course";"Shrimp";"Italian";"Sautéing";"15 minutes";"20 minutes";"Cook pasta according to package instructions. In a skillet, heat butter and olive oil. Add garlic and cook until fragrant. Add shrimp and cook until pink. Stir in lemon juice, white wine, and parsley. Toss with cooked pasta and serve with lemon wedges."
"Apple Pie";"Dessert";"Apple";"American";"Baking";"30 minutes";"60 minutes";"Preheat oven to 220°C (425°F). Roll out pie crust and fit into a pie dish. Mix sliced apples with sugar, cinnamon, and flour. Pour into pie crust and top with another crust or lattice. Bake for 45-50 minutes until golden brown and apples are tender. Serve warm with vanilla ice cream."
"Chicken Pot Pie";"Main Course";"Chicken";"American";"Baking";"20 minutes";"40 minutes";"Preheat oven to 200°C (400°F). Cook chicken and vegetables in a skillet with butter and flour. Stir in chicken broth and cream. Pour mixture into a pie dish and top with pie crust. Bake for 35-40 minutes until crust is golden and filling is bubbly."
"Falafel";"Appetizer";"Chickpeas";"Middle Eastern";"Frying";"20 minutes";"30 minutes";"In a food processor, blend chickpeas with garlic, onions, cilantro, and spices. Form into balls and fry in hot oil until golden brown. Drain on paper towels. Serve with pita bread, hummus, and salad."
"Clam Chowder";"Main Course";"Clams";"American";"Simmering";"15 minutes";"30 minutes";"In a pot, cook bacon until crispy. Remove and set aside. In the same pot, sauté onions, celery, and garlic until softened. Add clams, potatoes, and clam juice. Simmer until potatoes are tender. Stir in cream and cook until heated through. Garnish with bacon and parsley."
"Spinach Artichoke Dip";"Appetizer";"Spinach";"American";"Baking";"10 minutes";"20 minutes";"Preheat oven to 180°C (350°F). Mix chopped spinach, artichoke hearts, cream cheese, sour cream, and Parmesan cheese in a bowl. Transfer to a baking dish and bake for 20 minutes until bubbly and golden. Serve with tortilla chips or bread."
"Jambalaya";"Main Course";"Rice";"Creole";"Simmering";"15 minutes";"45 minutes";"In a large pot, cook sausage and chicken until browned. Remove and set aside. In the same pot, sauté onions, bell peppers, and celery. Add rice, tomatoes, and chicken broth. Stir in spices and return meat to the pot. Simmer until rice is cooked. Garnish with green onions."
"Stuffed Bell Peppers";"Main Course";"Bell Peppers";"American";"Baking";"20 minutes";"30 minutes";"Preheat oven to 180°C (350°F). Cut tops off bell peppers and remove seeds. In a bowl, mix cooked rice, ground beef, onions, and tomato sauce. Stuff peppers with the mixture and place in a baking dish. Bake for 30 minutes until peppers are tender. Serve hot."
"Cheese Fondue";"Appetizer";"Cheese";"Swiss";"Melting";"10 minutes";"10 minutes";"In a fondue pot, heat white wine and add grated Swiss cheese in batches, stirring until melted. Add garlic and a splash of lemon juice. Serve with cubes of bread, vegetables, and fruit for dipping."
"Roasted Chicken";"Main Course";"Chicken";"American";"Roasting";"20 minutes";"60 minutes";"Preheat oven to 180°C (350°F). Rub chicken with olive oil, salt, pepper, and herbs. Roast in a baking dish for 50-60 minutes until internal temperature reaches 75°C (165°F). Let rest before carving. Serve with roasted vegetables or potatoes."
"Beef Kebabs";"Main Course";"Beef";"Middle Eastern";"Grilling";"15 minutes";"15 minutes";"Cut beef into chunks and marinate in olive oil, lemon juice, garlic, and spices. Thread onto skewers and grill over high heat until cooked to your liking. Serve with rice or flatbread and a side of yogurt sauce."
"Pumpkin Soup";"Appetizer";"Pumpkin";"American";"Simmering";"15 minutes";"30 minutes";"In a large pot, sauté onions and garlic until soft. Add chopped pumpkin and vegetable broth. Simmer until pumpkin is tender. Puree with an immersion blender until smooth. Stir in cream and season with salt and pepper. Serve warm with crusty bread."
"Chocolate Chip Cookies";"Dessert";"Chocolate";"American";"Baking";"15 minutes";"10 minutes";"Preheat oven to 180°C (350°F). Cream together butter, sugar, and brown sugar. Beat in eggs and vanilla extract. Gradually add flour, baking soda, and salt. Stir in chocolate chips. Drop spoonfuls of dough onto a baking sheet and bake for 10-12 minutes until edges are golden."
"Vegetarian Chili";"Main Course";"Beans";"American";"Simmering";"15 minutes";"30 minutes";"In a large pot, sauté onions, garlic, and bell peppers. Add canned tomatoes, kidney beans, black beans, and corn. Stir in chili powder, cumin, and paprika. Simmer for 30 minutes. Season with salt and pepper. Serve with cornbread or over rice."
"Beef Empanadas";"Appetizer";"Beef";"Latin American";"Baking";"30 minutes";"25 minutes";"Preheat oven to 200°C (400°F). Prepare dough and fill with a mixture of ground beef, onions, olives, and spices. Fold and seal edges, then bake for 20-25 minutes until golden brown. Serve with salsa or dipping sauce."
"Grilled Cheese Sandwich";"Snack";"Cheese";"American";"Grilling";"10 minutes";"10 minutes";"Butter slices of bread and place cheese between them. Grill in a skillet over medium heat until bread is golden and cheese is melted. Serve warm with tomato soup or salad."
"Banana Bread";"Dessert";"Banana";"American";"Baking";"15 minutes";"60 minutes";"Preheat oven to 175°C (350°F). Mash ripe bananas and mix with flour, sugar, eggs, and baking powder. Pour into a greased loaf pan and bake for 50-60 minutes until a toothpick inserted comes out clean. Let cool before slicing."
"Chicken Quesadillas";"Main Course";"Chicken";"Mexican";"Grilling";"10 minutes";"10 minutes";"In a skillet, cook chicken with spices until fully cooked. Remove and shred. Place tortillas in a pan, add cheese, chicken, and any other desired fillings. Cook until cheese is melted and tortillas are golden brown. Cut into wedges and serve with salsa."
"Avocado Toast";"Snack";"Avocado";"American";"Toasting";"5 minutes";"5 minutes";"Toast slices of bread. Spread with mashed avocado and season with salt, pepper, and a drizzle of olive oil. Top with sliced tomatoes, radishes, or a poached egg if desired. Serve immediately."
"Ratatouille";"Main Course";"Vegetables";"French";"Baking";"20 minutes";"50 minutes";"Preheat oven to 180°C (350°F). Slice vegetables (eggplant, zucchini, bell peppers) thinly. Arrange in a baking dish, layering with tomato sauce and herbs. Bake for 45-50 minutes until vegetables are tender. Serve warm or at room temperature."
"Crab Cakes";"Appetizer";"Crab";"American";"Frying";"20 minutes";"15 minutes";"Mix crab meat with breadcrumbs, mayonnaise, egg, and seasonings. Form into cakes and fry in hot oil until golden brown. Serve with a side of tartar sauce or aioli."
"Chicken Shawarma";"Main Course";"Chicken";"Middle Eastern";"Grilling";"20 minutes";"20 minutes";"Marinate chicken in a mixture of yogurt, lemon juice, and spices. Grill until cooked through. Serve in pita bread with lettuce, tomatoes, and tahini sauce."
"Macaroni and Cheese";"Main Course";"Pasta";"American";"Baking";"15 minutes";"30 minutes";"Cook macaroni according to package instructions. In a saucepan, make a cheese sauce with butter, flour, milk, and cheddar cheese. Mix with macaroni and pour into a baking dish. Top with more cheese and bake until bubbly and golden."
"Buffalo Chicken Dip";"Appetizer";"Chicken";"American";"Baking";"10 minutes";"20 minutes";"Mix shredded chicken with cream cheese, hot sauce, ranch dressing, and cheese. Transfer to a baking dish and bake until bubbly. Serve with tortilla chips or celery sticks."
"Turkey Meatballs";"Main Course";"Turkey";"American";"Baking";"15 minutes";"25 minutes";"Preheat oven to 180°C (350°F). Mix ground turkey with breadcrumbs, egg, and spices. Form into meatballs and bake for 20-25 minutes until cooked through. Serve with marinara sauce or as a meatball sub."
"Egg Drop Soup";"Appetizer";"Eggs";"Chinese";"Simmering";"10 minutes";"10 minutes";"Heat chicken broth in a pot. Slowly stir in beaten eggs and cook until eggs form ribbons. Add soy sauce and garnish with sliced green onions. Serve hot."
"Pulled Pork Sandwiches";"Main Course";"Pork";"American";"Slow Cooking";"15 minutes";"8 hours";"Season pork shoulder and cook in a slow cooker with BBQ sauce for 8 hours. Shred the meat and serve on buns with coleslaw and additional BBQ sauce."
"Frittata";"Main Course";"Eggs";"Italian";"Baking";"10 minutes";"25 minutes";"Preheat oven to 180°C (350°F). Sauté vegetables in a skillet. Whisk eggs with cheese and pour over the vegetables. Transfer to the oven and bake until set. Serve warm or at room temperature."
"Crème Brûlée";"Dessert";"Cream";"French";"Baking";"20 minutes";"45 minutes";"Preheat oven to 150°C (300°F). Whisk egg yolks with sugar and vanilla, then stir in cream. Pour into ramekins and bake in a water bath for 30-35 minutes. Cool and chill. Caramelize sugar on top with a torch before serving."
"Teriyaki Chicken";"Main Course";"Chicken";"Japanese";"Grilling";"15 minutes";"20 minutes";"Marinate chicken in teriyaki sauce and grill until cooked through. Serve with steamed rice and vegetables."
"Ratatouille";"Main Course";"Vegetables";"French";"Baking";"20 minutes";"50 minutes";"Preheat oven to 180°C (350°F). Slice vegetables (eggplant, zucchini, bell peppers) thinly. Arrange in a baking dish, layering with tomato sauce and herbs. Bake for 45-50 minutes until vegetables are tender. Serve warm or at room temperature."
"Chicken Kiev";"Main Course";"Chicken";"Ukrainian";"Baking";"20 minutes";"40 minutes";"Preheat oven to 200°C (400°F). Flatten chicken breasts and spread with a mixture of butter, garlic, and herbs. Roll up and coat with breadcrumbs. Bake for 30-35 minutes until cooked through and golden brown."
"Spaghetti Carbonara";"Main Course";"Pasta";"Italian";"Sautéing";"10 minutes";"20 minutes";"Cook pasta according to package instructions. In a skillet, cook pancetta or bacon until crispy. Whisk eggs and Parmesan cheese together. Toss cooked pasta with bacon and the egg mixture. Serve immediately with extra cheese and black pepper."
"Sweet Potato Fries";"Snack";"Sweet Potato";"American";"Baking";"10 minutes";"30 minutes";"Preheat oven to 220°C (425°F). Cut sweet potatoes into fries and toss with olive oil, salt, and paprika. Arrange on a baking sheet and bake for 25-30 minutes until crispy. Serve with dipping sauce."
"Pad Thai";"Main Course";"Noodles";"Thai";"Stir-Frying";"15 minutes";"15 minutes";"Soak rice noodles in warm water. In a pan, stir-fry tofu or shrimp with garlic and vegetables. Add soaked noodles, tamarind paste, fish sauce, and sugar. Cook until well combined. Garnish with peanuts, cilantro, and lime wedges."
"Banana Split";"Dessert";"Banana";"American";"Assembling";"10 minutes";"0 minutes";"Slice bananas lengthwise and place in a dish. Top with scoops of vanilla, chocolate, and strawberry ice cream. Drizzle with chocolate and strawberry sauces. Add whipped cream, nuts, and cherries on top."
"Chicken Marsala";"Main Course";"Chicken";"Italian";"Sautéing";"15 minutes";"25 minutes";"Pound chicken breasts and dredge in flour. Sauté in a skillet with butter until golden brown. Remove chicken and set aside. In the same pan, cook mushrooms, then add Marsala wine and chicken broth. Return chicken to the pan and simmer until cooked through. Serve with pasta or mashed potatoes."
"Beef Stir-Fry";"Main Course";"Beef";"Chinese";"Stir-Frying";"15 minutes";"15 minutes";"Heat oil in a wok or skillet. Stir-fry beef strips with vegetables (bell peppers, broccoli, carrots). Add soy sauce and oyster sauce. Cook until beef is tender and vegetables are crisp. Serve with rice or noodles."
"Eggplant Rollatini";"Main Course";"Eggplant";"Italian";"Baking";"20 minutes";"35 minutes";"Preheat oven to 180°C (350°F). Slice eggplant and bake until tender. Spread with ricotta cheese mixture and roll up. Place in a baking dish, cover with marinara sauce, and top with mozzarella cheese. Bake for 30-35 minutes until bubbly."
"Pumpkin Pie";"Dessert";"Pumpkin";"American";"Baking";"15 minutes";"60 minutes";"Preheat oven to 220°C (425°F). Mix pumpkin puree with eggs, cream, sugar, and spices. Pour into a pie crust and bake for 50-60 minutes until the filling is set. Serve with whipped cream."
"Chicken and Waffles";"Main Course";"Chicken";"American";"Frying";"20 minutes";"30 minutes";"Fry chicken pieces until crispy and cooked through. Prepare waffles according to package instructions or recipe. Serve chicken on top of waffles with maple syrup and butter."
"Shrimp Tacos";"Main Course";"Shrimp";"Mexican";"Grilling";"15 minutes";"15 minutes";"Marinate shrimp in lime juice, chili powder, and garlic. Grill until cooked through. Serve in tortillas with cabbage slaw, avocado, and a squeeze of lime."
"Crepes";"Dessert";"Flour";"French";"Grilling";"10 minutes";"10 minutes";"In a bowl, mix flour, eggs, milk, and a pinch of salt. Heat a non-stick pan and pour in a small amount of batter, tilting to spread evenly. Cook until golden and flip. Fill with sweet or savory fillings and serve rolled or folded."
"Buffalo Chicken Wings";"Appetizer";"Chicken";"American";"Frying";"15 minutes";"25 minutes";"Fry chicken wings until crispy. Toss with a mixture of hot sauce and melted butter. Serve with celery sticks and ranch dressing."
"Chocolate Mousse";"Dessert";"Chocolate";"French";"Chilling";"15 minutes";"2 hours";"Melt chocolate and let cool. Whip cream until stiff peaks form. Fold chocolate into whipped cream. Spoon into serving dishes and chill for at least 2 hours. Garnish with chocolate shavings."
"Teriyaki Beef";"Main Course";"Beef";"Japanese";"Grilling";"15 minutes";"20 minutes";"Marinate beef strips in teriyaki sauce. Grill until desired doneness. Serve with steamed rice and vegetables."
"Greek Moussaka";"Main Course";"Eggplant";"Greek";"Baking";"30 minutes";"60 minutes";"Layer sliced eggplant with a mixture of ground beef, onions, and tomatoes in a baking dish. Top with a béchamel sauce and bake until golden and bubbly."
"Salmon Sushi";"Appetizer";"Salmon";"Japanese";"Rolling";"20 minutes";"0 minutes";"Place a sheet of nori on a bamboo mat. Spread a thin layer of sushi rice, then add slices of salmon, cucumber, and avocado. Roll tightly and slice into pieces. Serve with soy sauce, pickled ginger, and wasabi."
"Cauliflower Rice";"Side Dish";"Cauliflower";"American";"Sautéing";"10 minutes";"10 minutes";"Grate cauliflower or pulse in a food processor until rice-sized. Sauté in a pan with oil until tender. Season with salt and pepper. Serve as a low-carb alternative to rice."
"French Onion Soup";"Appetizer";"Onions";"French";"Simmering";"20 minutes";"30 minutes";"Cook sliced onions in butter until caramelized. Add beef broth and simmer. Serve hot, topped with toasted baguette slices and melted Gruyère cheese."
"Eggplant Parmesan";"Main Course";"Eggplant";"Italian";"Baking";"20 minutes";"40 minutes";"Bread and fry eggplant slices. Layer with marinara sauce and mozzarella cheese in a baking dish. Bake until bubbly and golden."
"Chicken Enchiladas";"Main Course";"Chicken";"Mexican";"Baking";"20 minutes";"30 minutes";"Fill tortillas with shredded chicken, cheese, and enchilada sauce. Roll up and place in a baking dish. Top with more sauce and cheese. Bake until bubbly."
"Carrot Cake";"Dessert";"Carrots";"American";"Baking";"20 minutes";"40 minutes";"Mix grated carrots with flour, sugar, eggs, and spices. Bake in a greased pan. Cool and frost with cream cheese icing."
"Salmon Teriyaki";"Main Course";"Salmon";"Japanese";"Grilling";"15 minutes";"15 minutes";"Marinate salmon in teriyaki sauce. Grill until cooked through. Serve with rice and vegetables."
"Quinoa Salad";"Side Dish";"Quinoa";"American";"Tossing";"15 minutes";"0 minutes";"Cook quinoa according to package instructions. Mix with diced vegetables, feta cheese, and a vinaigrette dressing. Serve chilled or at room temperature."
"Lemon Bars";"Dessert";"Lemon";"American";"Baking";"15 minutes";"30 minutes";"Preheat oven to 180°C (350°F). Prepare a crust with flour, butter, and sugar. Bake until golden. Mix lemon juice, eggs, and sugar for filling. Pour over crust and bake until set. Cool and cut into bars."
"Chicken Tikka Masala";"Main Course";"Chicken";"Indian";"Simmering";"20 minutes";"30 minutes";"Marinate chicken in yogurt and spices. Cook in a sauce of tomatoes, cream, and spices until chicken is tender. Serve with rice or naan bread."
"Chili Con Carne";"Main Course";"Beef";"Tex-Mex";"Simmering";"15 minutes";"45 minutes";"Cook ground beef with onions, garlic, and spices. Add tomatoes, kidney beans, and beef broth. Simmer until flavors meld. Serve with cornbread or rice."
"Lentil Soup";"Appetizer";"Lentils";"American";"Simmering";"15 minutes";"30 minutes";"Sauté onions, garlic, and carrots. Add lentils, vegetable broth, and spices. Simmer until lentils are tender. Serve hot with crusty bread."
"Beef Stroganoff";"Main Course";"Beef";"Russian";"Sautéing";"15 minutes";"20 minutes";"Sauté beef strips with onions and mushrooms. Add beef broth and sour cream, and simmer until beef is tender. Serve over egg noodles or rice."
"Falafel";"Appetizer";"Chickpeas";"Middle Eastern";"Frying";"20 minutes";"30 minutes";"In a food processor, blend chickpeas with garlic, onions, cilantro, and spices. Form into balls and fry in hot oil until golden brown. Drain on paper towels. Serve with pita bread, hummus, and salad."
"Chicken Alfredo";"Main Course";"Chicken";"Italian";"Sautéing";"15 minutes";"20 minutes";"Cook chicken and pasta according to package instructions. In a skillet, make Alfredo sauce with butter, cream, and Parmesan cheese. Toss with chicken and pasta. Serve hot with extra cheese."
"Pancakes";"Breakfast";"Flour";"American";"Grilling";"10 minutes";"10 minutes";"Mix flour, milk, eggs, and baking powder. Pour batter onto a hot griddle and cook until bubbles form. Flip and cook until golden brown. Serve with syrup and butter."
"Grilled Shrimp";"Appetizer";"Shrimp";"American";"Grilling";"15 minutes";"5 minutes";"Marinate shrimp in olive oil, garlic, and lemon juice. Skewer and grill until pink and cooked through. Serve with a squeeze of lemon."
"Vegetable Stir-Fry";"Main Course";"Vegetables";"Chinese";"Stir-Frying";"10 minutes";"10 minutes";"Stir-fry a mix of vegetables (bell peppers, broccoli, carrots) in oil. Add soy sauce and garlic. Cook until vegetables are crisp-tender. Serve with rice or noodles."
"Chicken Parmesan";"Main Course";"Chicken";"Italian";"Baking";"20 minutes";"30 minutes";"Bread and fry chicken breasts. Place in a baking dish, cover with marinara sauce, and top with mozzarella cheese. Bake until cheese is melted and bubbly."
"Beef Tacos";"Main Course";"Beef";"Mexican";"Grilling";"15 minutes";"15 minutes";"Cook ground beef with taco seasoning. Serve in tortillas with toppings like lettuce, cheese, and salsa."
"Tiramisu";"Dessert";"Coffee";"Italian";"Chilling";"30 minutes";"4 hours";"Mix mascarpone cheese with sugar and eggs. Layer with coffee-soaked ladyfingers. Chill for at least 4 hours. Dust with cocoa powder before serving."
"Fruit Salad";"Dessert";"Mixed Fruits";"American";"Tossing";"15 minutes";"0 minutes";"Mix a variety of fresh fruits (berries, melons, apples) in a bowl. Add a drizzle of honey or a squeeze of lemon juice if desired. Serve chilled."
"Pesto Pasta";"Main Course";"Pasta";"Italian";"Sautéing";"10 minutes";"15 minutes";"Cook pasta according to package instructions. Toss with pesto sauce made from basil, garlic, pine nuts, Parmesan cheese, and olive oil. Serve with extra cheese and pine nuts on top."
"Sweet and Sour Chicken";"Main Course";"Chicken";"Chinese";"Stir-Frying";"15 minutes";"15 minutes";"Stir-fry chicken pieces with vegetables. Add a sauce made from vinegar, sugar, ketchup, and soy sauce. Cook until chicken is coated and sauce is thickened."
"Chicken Fajitas";"Main Course";"Chicken";"Mexican";"Grilling";"15 minutes";"15 minutes";"Marinate chicken in lime juice and spices. Grill until cooked through. Serve with sautéed peppers and onions in tortillas with salsa and guacamole."
"Beef Wellington";"Main Course";"Beef";"British";"Baking";"30 minutes";"50 minutes";"Preheat oven to 200°C (400°F). Sear beef tenderloin, then coat with pâté and wrap in puff pastry. Bake until pastry is golden and beef is cooked to your liking. Serve with a rich gravy."
"Beef Burritos";"Main Course";"Beef";"Mexican";"Baking";"20 minutes";"30 minutes";"Fill tortillas with seasoned beef, rice, beans, and cheese. Roll up and place in a baking dish. Top with more cheese and bake until bubbly."
"Lamb Chops";"Main Course";"Lamb";"Mediterranean";"Grilling";"15 minutes";"15 minutes";"Season lamb chops with herbs and spices. Grill to desired doneness. Serve with a side of mint yogurt sauce and roasted vegetables."
"Chicken Noodle Soup";"Appetizer";"Chicken";"American";"Simmering";"15 minutes";"20 minutes";"Cook chicken in broth with carrots, celery, and noodles. Simmer until noodles are tender. Season with salt and pepper. Serve hot with crusty bread."
"Pumpkin Spice Latte";"Beverage";"Pumpkin";"American";"Brewing";"5 minutes";"5 minutes";"Brew espresso or strong coffee. Heat milk with pumpkin puree, cinnamon, nutmeg, and sugar. Froth milk and combine with coffee. Top with whipped cream and a sprinkle of pumpkin spice."
"Chicken Satay";"Appetizer";"Chicken";"Thai";"Grilling";"20 minutes";"20 minutes";"Marinate chicken skewers in a mixture of coconut milk, curry powder, and soy sauce. Grill until cooked through. Serve with peanut sauce for dipping."
"Roasted Brussels Sprouts";"Side Dish";"Brussels Sprouts";"American";"Roasting";"10 minutes";"25 minutes";"Preheat oven to 220°C (425°F). Toss Brussels sprouts with olive oil, salt, and pepper. Roast until crispy and browned. Serve as a side dish."
"Apple Crisp";"Dessert";"Apple";"American";"Baking";"15 minutes";"45 minutes";"Preheat oven to 190°C (375°F). Mix sliced apples with sugar and cinnamon. Place in a baking dish and top with a crumbly mixture of flour, sugar, and butter. Bake until topping is golden and apples are tender."
"Beef Tacos";"Main Course";"Beef";"Mexican";"Grilling";"15 minutes";"15 minutes";"Cook ground beef with taco seasoning. Serve in tortillas with toppings like lettuce, cheese, and salsa."
"Cheesecake";"Dessert";"Cheese";"American";"Baking";"15 minutes";"60 minutes";"Preheat oven to 175°C (350°F). Mix cream cheese with sugar, eggs, and vanilla. Pour into a graham cracker crust. Bake until set. Chill before serving. Top with fruit or chocolate if desired."
"Chicken Caesar Wrap";"Main Course";"Chicken";"Western";"Grilling";"10 minutes";"10 minutes";"Grill chicken breasts and slice thinly. Toss with Caesar dressing and wrap in a tortilla with romaine lettuce and Parmesan cheese. Serve with extra dressing on the side."
"Vegetable Soup";"Appetizer";"Vegetables";"American";"Simmering";"15 minutes";"30 minutes";"Sauté onions, carrots, and celery. Add vegetable broth, potatoes, and your choice of vegetables. Simmer until vegetables are tender. Season with herbs and spices."
"Margherita Pizza";"Main Course";"Tomatoes";"Italian";"Baking";"15 minutes";"15 minutes";"Preheat oven to 220°C (425°F). Spread tomato sauce on pizza dough. Top with slices of fresh mozzarella and basil leaves. Bake until crust is golden and cheese is melted."
"Chocolate Chip Cookies";"Dessert";"Chocolate";"American";"Baking";"15 minutes";"10 minutes";"Preheat oven to 180°C (350°F). Cream butter and sugar, then mix in eggs and vanilla. Stir in flour, baking soda, and chocolate chips. Drop spoonfuls onto a baking sheet and bake until edges are golden."
"Greek Salad";"Side Dish";"Cucumber";"Greek";"Tossing";"10 minutes";"0 minutes";"Combine diced cucumbers, tomatoes, red onions, olives, and feta cheese in a bowl. Toss with olive oil, lemon juice, oregano, and salt. Serve chilled."
"Shrimp Scampi";"Main Course";"Shrimp";"Italian";"Sautéing";"10 minutes";"10 minutes";"Sauté shrimp in butter and garlic until pink. Add white wine and lemon juice. Toss with cooked pasta and garnish with parsley. Serve with lemon wedges."
"Beef Stroganoff";"Main Course";"Beef";"Russian";"Sautéing";"15 minutes";"20 minutes";"Sauté beef strips with onions and mushrooms. Add beef broth and sour cream, and simmer until beef is tender. Serve over egg noodles or rice."
"Lasagna";"Main Course";"Pasta";"Italian";"Baking";"30 minutes";"45 minutes";"Layer cooked lasagna noodles with ricotta cheese, marinara sauce, and mozzarella cheese. Bake until bubbly and golden brown."
"Clam Chowder";"Appetizer";"Clams";"American";"Simmering";"15 minutes";"30 minutes";"Cook bacon until crisp. Sauté onions and celery, then add clams, potatoes, and cream. Simmer until potatoes are tender. Season with thyme and pepper."
"Beef Kabobs";"Main Course";"Beef";"Middle Eastern";"Grilling";"20 minutes";"15 minutes";"Marinate beef chunks in a mixture of yogurt, garlic, and spices. Thread onto skewers and grill until desired doneness. Serve with flatbread and a yogurt dip."
"Chicken Quesadillas";"Main Course";"Chicken";"Mexican";"Grilling";"15 minutes";"10 minutes";"Fill tortillas with cooked chicken, cheese, and optional vegetables. Grill until cheese is melted and tortillas are crispy. Serve with salsa and sour cream."
"Pear Crisp";"Dessert";"Pear";"American";"Baking";"15 minutes";"45 minutes";"Mix sliced pears with sugar and cinnamon. Top with a crumbly mixture of flour, sugar, and butter. Bake until topping is golden and pears are tender."
"Buffalo Cauliflower";"Appetizer";"Cauliflower";"American";"Baking";"15 minutes";"30 minutes";"Toss cauliflower florets in a mixture of flour, water, and spices. Bake until crispy. Toss with buffalo sauce and serve with ranch dipping sauce."
"Avocado Toast";"Snack";"Avocado";"American";"Toasting";"5 minutes";"5 minutes";"Toast slices of bread. Spread mashed avocado on top and season with salt, pepper, and red pepper flakes. Optionally, top with sliced tomatoes or a poached egg."
"Sweet Corn Soup";"Appetizer";"Corn";"American";"Simmering";"10 minutes";"20 minutes";"Sauté onions and garlic, then add corn kernels and vegetable broth. Simmer until corn is tender. Puree soup and stir in cream. Season with salt and pepper."
"Stuffed Bell Peppers";"Main Course";"Bell Peppers";"American";"Baking";"15 minutes";"30 minutes";"Stuff bell peppers with a mixture of cooked rice, ground beef, tomatoes, and spices. Bake until peppers are tender. Top with cheese if desired."
"Chili Cheese Fries";"Snack";"Potatoes";"American";"Baking";"10 minutes";"30 minutes";"Bake French fries until crispy. Top with chili and shredded cheese. Return to oven until cheese is melted. Serve with chopped green onions."
"Egg Drop Soup";"Appetizer";"Eggs";"Chinese";"Simmering";"10 minutes";"10 minutes";"Heat chicken broth in a pot. Slowly stir in beaten eggs and cook until eggs form ribbons. Add soy sauce and garnish with sliced green onions. Serve hot."
"Pulled Pork Sandwiches";"Main Course";"Pork";"American";"Slow Cooking";"15 minutes";"8 hours";"Season pork shoulder and cook in a slow cooker with BBQ sauce for 8 hours. Shred the meat and serve on buns with coleslaw and additional BBQ sauce."
"Frittata";"Main Course";"Eggs";"Italian";"Baking";"10 minutes";"25 minutes";"Preheat oven to 180°C (350°F). Sauté vegetables in a skillet. Whisk eggs with cheese and pour over the vegetables. Transfer to the oven and bake until set. Serve warm or at room temperature."
"Crème Brûlée";"Dessert";"Cream";"French";"Baking";"20 minutes";"45 minutes";"Preheat oven to 150°C (300°F). Whisk egg yolks with sugar and vanilla, then stir in cream. Pour into ramekins and bake in a water bath for 30-35 minutes. Cool and chill. Caramelize sugar on top with a torch before serving."
"Teriyaki Chicken";"Main Course";"Chicken";"Japanese";"Grilling";"15 minutes";"20 minutes";"Marinate chicken in teriyaki sauce and grill until cooked through. Serve with steamed rice and vegetables."
"Ratatouille";"Main Course";"Vegetables";"French";"Baking";"20 minutes";"50 minutes";"Preheat oven to 180°C (350°F). Slice vegetables (eggplant, zucchini, bell peppers) thinly. Arrange in a baking dish, layering with tomato sauce and herbs. Bake for 45-50 minutes until vegetables are tender. Serve warm or at room temperature."
"Chicken Kiev";"Main Course";"Chicken";"Ukrainian";"Baking";"20 minutes";"40 minutes";"Preheat oven to 200°C (400°F). Flatten chicken breasts and spread with a mixture of butter, garlic, and herbs. Roll up and coat with breadcrumbs. Bake for 30-35 minutes until cooked through and golden brown."
"Spaghetti Carbonara";"Main Course";"Pasta";"Italian";"Sautéing";"10 minutes";"20 minutes";"Cook pasta according to package instructions. In a skillet, cook pancetta or bacon until crispy. Whisk eggs and Parmesan cheese together. Toss cooked pasta with bacon and the egg mixture. Serve immediately with extra cheese and black pepper."
"Sweet Potato Fries";"Snack";"Sweet Potato";"American";"Baking";"10 minutes";"30 minutes";"Preheat oven to 220°C (425°F). Cut sweet potatoes into fries and toss with olive oil, salt, and paprika. Arrange on a baking sheet and bake for 25-30 minutes until crispy. Serve with dipping sauce."
"Pad Thai";"Main Course";"Noodles";"Thai";"Stir-Frying";"15 minutes";"15 minutes";"Soak rice noodles in warm water. In a pan, stir-fry tofu or shrimp with garlic and vegetables. Add soaked noodles, tamarind paste, fish sauce, and sugar. Cook until well combined. Garnish with peanuts, cilantro, and lime wedges."
"Banana Split";"Dessert";"Banana";"American";"Assembling";"10 minutes";"0 minutes";"Slice bananas lengthwise and place in a dish. Top with scoops of vanilla, chocolate, and strawberry ice cream. Drizzle with chocolate and strawberry sauces. Add whipped cream, nuts, and cherries on top."
"Chicken Marsala";"Main Course";"Chicken";"Italian";"Sautéing";"15 minutes";"25 minutes";"Pound chicken breasts and dredge in flour. Sauté in a skillet with butter until golden brown. Remove chicken and set aside. In the same pan, cook mushrooms, then add Marsala wine and chicken broth. Return chicken to the pan and simmer until cooked through. Serve with pasta or mashed potatoes."
"Beef Stir-Fry";"Main Course";"Beef";"Chinese";"Stir-Frying";"15 minutes";"10 minutes";"Slice beef thinly and stir-fry with vegetables (bell peppers, broccoli) in a hot pan with oil. Add soy sauce, ginger, and garlic. Cook until beef is tender and vegetables are crisp. Serve over rice."
"Chicken and Waffles";"Main Course";"Chicken";"American";"Frying";"15 minutes";"25 minutes";"Fry seasoned chicken pieces until crispy and golden brown. Serve on top of warm waffles with butter and maple syrup."
"Stuffed Mushrooms";"Appetizer";"Mushrooms";"American";"Baking";"15 minutes";"20 minutes";"Remove stems from mushrooms and stuff with a mixture of cream cheese, garlic, and herbs. Bake until mushrooms are tender and stuffing is golden."
"Tom Yum Soup";"Appetizer";"Shrimp";"Thai";"Simmering";"10 minutes";"20 minutes";"Simmer shrimp in broth with lemongrass, kaffir lime leaves, and galangal. Add mushrooms, tomatoes, and fish sauce. Finish with lime juice and cilantro. Serve hot."
"Chicken Pot Pie";"Main Course";"Chicken";"American";"Baking";"30 minutes";"40 minutes";"Cook chicken with vegetables in a creamy sauce. Pour into a pie crust, top with another crust, and bake until golden brown. Serve hot."
"Beef Enchiladas";"Main Course";"Beef";"Mexican";"Baking";"20 minutes";"30 minutes";"Fill tortillas with seasoned beef and cheese. Roll up and place in a baking dish. Top with enchilada sauce and more cheese. Bake until bubbly and golden."
"Macaroni and Cheese";"Main Course";"Pasta";"American";"Baking";"15 minutes";"30 minutes";"Cook macaroni and mix with a cheese sauce made from butter, flour, milk, and cheddar cheese. Bake until bubbly and golden on top."
"Chicken Shawarma";"Main Course";"Chicken";"Middle Eastern";"Grilling";"20 minutes";"20 minutes";"Marinate chicken in a mixture of yogurt, garlic, and spices. Grill until cooked through. Serve in pita bread with vegetables and tahini sauce."
"Fruit Tart";"Dessert";"Mixed Fruits";"French";"Baking";"20 minutes";"30 minutes";"Preheat oven to 180°C (350°F). Bake a tart shell and fill with pastry cream. Top with fresh fruits like strawberries, kiwi, and blueberries. Brush with apricot glaze."
"Beef Chili";"Main Course";"Beef";"Tex-Mex";"Simmering";"15 minutes";"45 minutes";"Cook ground beef with onions, garlic, and chili spices. Add tomatoes, beans, and beef broth. Simmer until thickened. Serve with cornbread or rice."
"Vegetarian Burritos";"Main Course";"Beans";"Mexican";"Baking";"15 minutes";"20 minutes";"Fill tortillas with a mixture of beans, rice, vegetables, and cheese. Roll up and place in a baking dish. Top with salsa and bake until heated through."
"Spinach Artichoke Dip";"Appetizer";"Spinach";"American";"Baking";"10 minutes";"20 minutes";"Mix chopped spinach, artichokes, cream cheese, sour cream, and Parmesan cheese. Bake until bubbly and golden. Serve with pita chips or bread."
"Eggplant Parmesan";"Main Course";"Eggplant";"Italian";"Baking";"20 minutes";"40 minutes";"Bread and fry slices of eggplant. Layer in a baking dish with marinara sauce and mozzarella cheese. Bake until cheese is melted and bubbly."
"Grilled Cheese Sandwich";"Snack";"Cheese";"American";"Grilling";"10 minutes";"5 minutes";"Butter slices of bread and layer with cheese. Grill until golden brown and cheese is melted. Serve with tomato soup."
"Quiche Lorraine";"Main Course";"Bacon";"French";"Baking";"20 minutes";"30 minutes";"Prepare a pie crust and fill with a mixture of eggs, cream, cheese, and cooked bacon. Bake until set and golden brown."
"Peach Cobbler";"Dessert";"Peach";"American";"Baking";"15 minutes";"45 minutes";"Mix sliced peaches with sugar and cinnamon. Top with a biscuit-like batter and bake until topping is golden and fruit is bubbling."
"Chicken Tacos";"Main Course";"Chicken";"Mexican";"Grilling";"15 minutes";"10 minutes";"Grill chicken breasts and slice thinly. Serve in tortillas with fresh salsa, lettuce, cheese, and guacamole."
"Beef Meatballs";"Main Course";"Beef";"Italian";"Baking";"15 minutes";"25 minutes";"Mix ground beef with breadcrumbs, egg, and spices. Form into balls and bake until cooked through. Serve with marinara sauce and pasta."
"Strawberry Shortcake";"Dessert";"Strawberries";"American";"Baking";"20 minutes";"30 minutes";"Bake shortcake biscuits and layer with sweetened strawberries and whipped cream. Serve immediately."
"Shrimp Tacos";"Main Course";"Shrimp";"Mexican";"Grilling";"15 minutes";"10 minutes";"Grill seasoned shrimp until cooked through. Serve in tortillas with cabbage slaw, avocado, and a squeeze of lime."
"Pumpkin Pie";"Dessert";"Pumpkin";"American";"Baking";"15 minutes";"60 minutes";"Mix pumpkin puree with eggs, cream, and spices. Pour into a pie crust and bake until set. Serve with whipped cream."
"Jambalaya";"Main Course";"Rice";"Creole";"Simmering";"15 minutes";"30 minutes";"Cook sausage, chicken, and shrimp with onions, peppers, and spices. Add rice, tomatoes, and broth. Simmer until rice is tender and flavors are melded."
"Greek Yogurt Parfait";"Dessert";"Yogurt";"Greek";"Assembling";"5 minutes";"0 minutes";"Layer Greek yogurt with fresh berries and granola in a glass. Drizzle with honey. Serve immediately."
"Chicken Enchiladas";"Main Course";"Chicken";"Mexican";"Baking";"20 minutes";"30 minutes";"Fill tortillas with shredded chicken, cheese, and enchilada sauce. Roll up and place in a baking dish. Top with more sauce and cheese. Bake until bubbly."
"Cheese Fondue";"Appetizer";"Cheese";"Swiss";"Melting";"10 minutes";"10 minutes";"Melt a mixture of Swiss and Gruyère cheese with white wine in a fondue pot. Serve with cubes of bread and assorted vegetables for dipping."
"Lasagna Roll-Ups";"Main Course";"Pasta";"Italian";"Baking";"30 minutes";"30 minutes";"Cook lasagna noodles and spread with a mixture of ricotta cheese, spinach, and marinara sauce. Roll up and place in a baking dish. Top with more sauce and cheese, then bake until bubbly."
"Grilled Vegetable Skewers";"Side Dish";"Vegetables";"Mediterranean";"Grilling";"15 minutes";"15 minutes";"Thread chunks of vegetables (bell peppers, zucchini, mushrooms) onto skewers. Brush with olive oil and season with herbs. Grill until tender and charred."
"Chicken Cacciatore";"Main Course";"Chicken";"Italian";"Simmering";"20 minutes";"45 minutes";"Sauté chicken with onions, garlic, and bell peppers. Add tomatoes, olives, and herbs. Simmer until chicken is tender. Serve with pasta or crusty bread."
"Caprese Salad";"Appetizer";"Tomatoes";"Italian";"Assembling";"10 minutes";"0 minutes";"Layer slices of fresh tomatoes and mozzarella cheese. Top with basil leaves and drizzle with olive oil and balsamic vinegar."
"Apple Pie";"Dessert";"Apple";"American";"Baking";"30 minutes";"60 minutes";"Mix sliced apples with sugar, cinnamon, and nutmeg. Fill a pie crust with the mixture and top with another crust. Bake until crust is golden and filling is bubbling."
"Chicken Potstickers";"Appetizer";"Chicken";"Chinese";"Pan-Frying";"20 minutes";"20 minutes";"Mix ground chicken with vegetables and seasonings. Place in dumpling wrappers and fold. Pan-fry until crispy and serve with dipping sauce."
"Ratatouille";"Main Course";"Vegetables";"French";"Baking";"20 minutes";"50 minutes";"Preheat oven to 180°C (350°F). Slice vegetables (eggplant, zucchini, bell peppers) thinly. Arrange in a baking dish, layering with tomato sauce and herbs. Bake for 45-50 minutes until vegetables are tender. Serve warm or at room temperature."
"Chicken Fried Rice";"Main Course";"Rice";"Chinese";"Frying";"10 minutes";"15 minutes";"Stir-fry cooked rice with chicken, vegetables, and soy sauce. Add scrambled eggs and mix well. Garnish with green onions before serving."
"Cheese Stuffed Meatballs";"Main Course";"Beef";"Italian";"Baking";"20 minutes";"25 minutes";"Mix ground beef with breadcrumbs, egg, and spices. Form into balls and stuff with cheese. Bake until cooked through and cheese is melted."
"Beef Wellington";"Main Course";"Beef";"British";"Baking";"30 minutes";"50 minutes";"Wrap beef tenderloin with mushroom duxelles and prosciutto, then in puff pastry. Bake until pastry is golden and beef is cooked to desired doneness. Serve with a rich gravy."
"Beef Empanadas";"Main Course";"Beef";"Latin American";"Baking";"30 minutes";"20 minutes";"Fill pastry dough with a mixture of seasoned ground beef, onions, and spices. Fold into half-moons and bake until golden brown."
"Fruit Smoothie";"Snack";"Mixed Fruits";"American";"Blending";"5 minutes";"0 minutes";"Blend fresh fruits (such as bananas, berries, and mango) with yogurt and honey until smooth. Serve chilled."
"Chicken Alfredo";"Main Course";"Chicken";"Italian";"Sautéing";"15 minutes";"20 minutes";"Cook chicken strips and add to a creamy Alfredo sauce made from butter, cream, and Parmesan cheese. Toss with cooked fettuccine and garnish with parsley."
"Thai Green Curry";"Main Course";"Chicken";"Thai";"Simmering";"15 minutes";"25 minutes";"Cook chicken in a green curry paste and coconut milk mixture. Add vegetables like bell peppers and eggplant. Simmer until chicken is cooked and vegetables are tender. Serve with jasmine rice."
"Apple Crisp";"Dessert";"Apple";"American";"Baking";"15 minutes";"45 minutes";"Mix sliced apples with sugar and cinnamon. Top with a mixture of oats, flour, and butter. Bake until topping is golden and apples are tender."
"Chicken Parmesan";"Main Course";"Chicken";"Italian";"Baking";"20 minutes";"30 minutes";"Bread and fry chicken cutlets. Top with marinara sauce and mozzarella cheese. Bake until cheese is melted and bubbly. Serve with pasta."
"Chili Con Carne";"Main Course";"Beef";"Tex-Mex";"Simmering";"15 minutes";"45 minutes";"Cook ground beef with onions, garlic, and chili powder. Add tomatoes, beans, and beef broth. Simmer until thickened. Serve with cornbread or rice."
"Spinach Salad";"Appetizer";"Spinach";"American";"Assembling";"10 minutes";"0 minutes";"Toss fresh spinach with sliced strawberries, walnuts, and feta cheese. Drizzle with balsamic vinaigrette."
"Chicken Kiev";"Main Course";"Chicken";"Ukrainian";"Baking";"20 minutes";"40 minutes";"Flatten chicken breasts and spread with a mixture of butter, garlic, and herbs. Roll up and coat with breadcrumbs. Bake until cooked through and golden brown."
"Grilled Portobello Mushrooms";"Main Course";"Mushrooms";"Mediterranean";"Grilling";"10 minutes";"10 minutes";"Marinate portobello mushrooms in balsamic vinegar and olive oil. Grill until tender and serve as a main or side dish."
"Apple Cinnamon Oatmeal";"Breakfast";"Oats";"American";"Simmering";"5 minutes";"10 minutes";"Cook oats with milk or water. Stir in diced apples, cinnamon, and a bit of honey. Cook until apples are tender and oatmeal is creamy."
"Pulled BBQ Chicken";"Main Course";"Chicken";"American";"Slow Cooking";"10 minutes";"8 hours";"Cook chicken breasts with BBQ sauce in a slow cooker for 8 hours. Shred and serve on buns with coleslaw."
"Greek Moussaka";"Main Course";"Eggplant";"Greek";"Baking";"30 minutes";"60 minutes";"Layer cooked eggplant with a meat sauce made from ground beef and tomatoes. Top with a béchamel sauce and bake until golden brown."
"Banana Bread";"Dessert";"Bananas";"American";"Baking";"15 minutes";"60 minutes";"Mix mashed bananas with flour, sugar, eggs, and baking soda. Pour into a loaf pan and bake until a toothpick comes out clean."
"Buffalo Wings";"Appetizer";"Chicken";"American";"Frying";"15 minutes";"20 minutes";"Fry chicken wings until crispy. Toss in buffalo sauce and serve with celery sticks and blue cheese dressing."
"Beef and Broccoli Stir-Fry";"Main Course";"Beef";"Chinese";"Stir-Frying";"15 minutes";"10 minutes";"Stir-fry sliced beef with broccoli and garlic in a hot pan. Add soy sauce and a bit of sugar. Serve with rice."
"Chicken Tikka Masala";"Main Course";"Chicken";"Indian";"Simmering";"20 minutes";"30 minutes";"Marinate chicken in yogurt and spices, then grill. Simmer in a sauce made from tomatoes, cream, and more spices. Serve with rice or naan."
"Vegetable Stir-Fry";"Main Course";"Vegetables";"Chinese";"Stir-Frying";"10 minutes";"10 minutes";"Stir-fry a mix of vegetables (bell peppers, carrots, snow peas) in a hot pan with soy sauce and garlic. Serve over rice or noodles."
"Chicken Fajitas";"Main Course";"Chicken";"Mexican";"Grilling";"15 minutes";"15 minutes";"Grill chicken strips with bell peppers and onions. Serve with tortillas and your favorite fajita toppings like salsa and sour cream."
"Blueberry Muffins";"Dessert";"Blueberries";"American";"Baking";"15 minutes";"25 minutes";"Mix flour, sugar, and baking powder with milk, eggs, and blueberries. Bake in muffin tins until golden brown."
"Peach Smoothie";"Snack";"Peach";"American";"Blending";"5 minutes";"0 minutes";"Blend fresh peaches with yogurt and a touch of honey until smooth. Serve chilled."
"Chocolate Mousse";"Dessert";"Chocolate";"French";"Chilling";"20 minutes";"2 hours";"Melt chocolate and fold into whipped cream. Chill until set. Serve with fresh berries or a dollop of whipped cream."
"Roast Chicken";"Main Course";"Chicken";"American";"Roasting";"15 minutes";"90 minutes";"Season a whole chicken with herbs and spices. Roast in the oven until skin is crispy and chicken is cooked through. Serve with roasted vegetables."
"Apple Cider Donuts";"Dessert";"Apples";"American";"Frying";"20 minutes";"20 minutes";"Mix flour, sugar, and spices with apple cider. Fry dough in small rounds and coat with cinnamon sugar. Serve warm."
"Vegetarian Chili";"Main Course";"Beans";"American";"Simmering";"15 minutes";"30 minutes";"Cook a mix of beans with tomatoes, bell peppers, onions, and chili spices. Simmer until flavors are blended. Serve with cornbread."
"Stuffed Bell Peppers";"Main Course";"Bell Peppers";"American";"Baking";"15 minutes";"30 minutes";"Fill bell peppers with a mixture of rice, ground beef, and tomato sauce. Bake until peppers are tender and filling is cooked through."
"Beef Tacos";"Main Course";"Beef";"Mexican";"Grilling";"15 minutes";"10 minutes";"Grill seasoned ground beef and serve in tortillas with salsa, cheese, and lettuce. Garnish with cilantro."
"Fettuccine Alfredo";"Main Course";"Pasta";"Italian";"Sautéing";"15 minutes";"20 minutes";"Cook fettuccine pasta and toss with a sauce made from butter, cream, and Parmesan cheese. Serve with a sprinkle of parsley."
"Tomato Basil Soup";"Appetizer";"Tomatoes";"Italian";"Simmering";"15 minutes";"30 minutes";"Cook tomatoes with onions, garlic, and basil. Blend until smooth and stir in cream. Serve hot with a grilled cheese sandwich."
"Chicken Salad";"Appetizer";"Chicken";"American";"Assembling";"10 minutes";"0 minutes";"Mix shredded chicken with mayonnaise, celery, and herbs. Serve over lettuce or on a sandwich."
"Beef Bourguignon";"Main Course";"Beef";"French";"Simmering";"20 minutes";"2 hours";"Cook beef with red wine, beef broth, onions, carrots, and mushrooms. Simmer until beef is tender and sauce is rich. Serve with mashed potatoes."
"Pumpkin Soup";"Appetizer";"Pumpkin";"American";"Simmering";"10 minutes";"20 minutes";"Cook pumpkin with onions, garlic, and vegetable broth. Blend until smooth and stir in cream. Season with nutmeg and cinnamon."
"Eggplant Rollatini";"Main Course";"Eggplant";"Italian";"Baking";"20 minutes";"30 minutes";"Roll slices of breaded and fried eggplant around a mixture of ricotta cheese and spinach. Top with marinara sauce and bake until bubbly."
"Apple Cider Glazed Pork Chops";"Main Course";"Pork";"American";"Grilling";"10 minutes";"20 minutes";"Grill pork chops and glaze with a mixture of apple cider, brown sugar, and mustard. Serve with roasted vegetables."
"Spaghetti Aglio e Olio";"Main Course";"Pasta";"Italian";"Sautéing";"15 minutes";"15 minutes";"Cook spaghetti and toss with sautéed garlic, red pepper flakes, and olive oil. Garnish with parsley and Parmesan cheese."
"Baked Ziti";"Main Course";"Pasta";"Italian";"Baking";"20 minutes";"30 minutes";"Mix cooked ziti pasta with marinara sauce and ricotta cheese. Top with mozzarella cheese and bake until bubbly."
"Vegetable Lasagna";"Main Course";"Vegetables";"Italian";"Baking";"30 minutes";"50 minutes";"Layer lasagna noodles with a mixture of ricotta cheese, spinach, and marinara sauce. Top with mozzarella cheese and bake until bubbly."
"Chocolate Chip Cookies";"Dessert";"Chocolate Chips";"American";"Baking";"10 minutes";"15 minutes";"Mix flour, sugar, and butter with chocolate chips. Bake until edges are golden and centers are soft."
"Balsamic Glazed Chicken";"Main Course";"Chicken";"American";"Grilling";"15 minutes";"15 minutes";"Grill chicken breasts and brush with a glaze made from balsamic vinegar, honey, and Dijon mustard. Serve with steamed vegetables."
"Beef Stroganoff";"Main Course";"Beef";"Russian";"Simmering";"20 minutes";"30 minutes";"Cook beef with onions, garlic, and mushrooms in a creamy sauce made from sour cream and beef broth. Serve over egg noodles."
"Chicken Caesar Salad";"Appetizer";"Chicken";"American";"Assembling";"10 minutes";"0 minutes";"Toss romaine lettuce with Caesar dressing, croutons, and grilled chicken. Top with Parmesan cheese."
"Vegetable Curry";"Main Course";"Vegetables";"Indian";"Simmering";"15 minutes";"30 minutes";"Cook a mix of vegetables in a curry sauce made from onions, garlic, ginger, and coconut milk. Serve with rice or naan."
"Beef Satay";"Appetizer";"Beef";"Thai";"Grilling";"15 minutes";"10 minutes";"Skewer marinated beef strips and grill until cooked through. Serve with a peanut dipping sauce."
"Avocado Toast";"Snack";"Avocado";"American";"Toasting";"10 minutes";"5 minutes";"Toast slices of bread and top with mashed avocado, salt, pepper, and a squeeze of lemon juice. Garnish with sliced tomatoes or a poached egg if desired."
"Chocolate Cake";"Dessert";"Chocolate";"American";"Baking";"20 minutes";"30 minutes";"Mix flour, cocoa powder, sugar, and eggs. Bake until a toothpick comes out clean. Frost with chocolate ganache if desired."
"Egg Drop Soup";"Appetizer";"Eggs";"Chinese";"Simmering";"10 minutes";"10 minutes";"Simmer chicken broth with ginger and scallions. Slowly pour in beaten eggs while stirring to create egg ribbons. Serve hot."
"Mango Sticky Rice";"Dessert";"Mango";"Thai";"Simmering";"15 minutes";"30 minutes";"Cook sticky rice with coconut milk and sugar. Serve with fresh mango slices and a sprinkle of sesame seeds."
"Garlic Butter Shrimp";"Appetizer";"Shrimp";"American";"Sautéing";"10 minutes";"10 minutes";"Sauté shrimp in garlic butter until pink and cooked through. Serve with lemon wedges and chopped parsley."
"Cheesecake";"Dessert";"Cheese";"American";"Baking";"15 minutes";"60 minutes";"Mix cream cheese with sugar and eggs. Pour into a graham cracker crust and bake until set. Chill before serving."
"Baked Salmon";"Main Course";"Salmon";"American";"Baking";"10 minutes";"20 minutes";"Season salmon fillets and bake until cooked through. Serve with lemon wedges and a side of steamed vegetables."
"Falafel";"Appetizer";"Chickpeas";"Middle Eastern";"Frying";"20 minutes";"15 minutes";"Form spiced chickpea mixture into balls and fry until golden brown. Serve with pita bread and tahini sauce."
"Pancakes";"Breakfast";"Pancake Mix";"American";"Griddling";"5 minutes";"10 minutes";"Mix pancake batter and pour onto a hot griddle. Cook until bubbles form, then flip. Serve with syrup and butter."
"Lentil Soup";"Appetizer";"Lentils";"American";"Simmering";"10 minutes";"30 minutes";"Simmer lentils with carrots, celery, onions, and broth. Season with herbs and spices. Serve hot."
"Potato Gratin";"Side Dish";"Potatoes";"French";"Baking";"20 minutes";"50 minutes";"Layer thinly sliced potatoes with cream, cheese, and garlic. Bake until tender and golden brown on top."
"Grilled Steak";"Main Course";"Steak";"American";"Grilling";"15 minutes";"15 minutes";"Season steak and grill to desired doneness. Serve with a side of grilled vegetables or a fresh salad."
"Shrimp Scampi";"Main Course";"Shrimp";"Italian";"Sautéing";"15 minutes";"15 minutes";"Sauté shrimp with garlic, butter, and lemon juice. Serve over pasta or rice, garnished with parsley."
"Goulash";"Main Course";"Beef";"Hungarian";"Simmering";"15 minutes";"45 minutes";"Cook beef with onions, paprika, and tomatoes. Add potatoes and simmer until beef is tender. Serve with crusty bread."
"Chickpea Salad";"Appetizer";"Chickpeas";"Mediterranean";"Assembling";"10 minutes";"0 minutes";"Mix chickpeas with diced cucumbers, tomatoes, red onions, and feta cheese. Drizzle with olive oil and lemon juice."
"Mushroom Risotto";"Main Course";"Rice";"Italian";"Simmering";"15 minutes";"30 minutes";"Cook Arborio rice slowly in vegetable broth, adding sautéed mushrooms and Parmesan cheese. Stir frequently until creamy."
"Beef and Ale Pie";"Main Course";"Beef";"British";"Baking";"30 minutes";"90 minutes";"Cook beef with onions and ale. Fill a pie crust and bake until crust is golden and filling is thickened."
"Pasta Primavera";"Main Course";"Pasta";"Italian";"Sautéing";"15 minutes";"20 minutes";"Cook pasta and toss with a variety of sautéed vegetables and a light olive oil or tomato sauce. Garnish with Parmesan cheese."
"Fruit Salad";"Dessert";"Mixed Fruits";"American";"Assembling";"10 minutes";"0 minutes";"Mix fresh fruits such as strawberries, oranges, and melons. Toss with a bit of honey and fresh mint if desired."
"Avocado Smoothie";"Snack";"Avocado";"American";"Blending";"5 minutes";"0 minutes";"Blend avocado with milk or yogurt and a touch of honey until smooth. Serve chilled."
"Banana Smoothie";"Snack";"Bananas";"American";"Blending";"5 minutes";"0 minutes";"Blend bananas with milk and a touch of honey until smooth. Serve chilled."
"Beef Stir-Fry";"Main Course";"Beef";"Chinese";"Stir-Frying";"15 minutes";"10 minutes";"Stir-fry sliced beef with vegetables and soy sauce. Serve over rice or noodles."
"Quinoa Salad";"Appetizer";"Quinoa";"Mediterranean";"Assembling";"10 minutes";"0 minutes";"Mix cooked quinoa with diced cucumbers, tomatoes, feta cheese, and olives. Drizzle with olive oil and lemon juice."
"Chicken Tenders";"Main Course";"Chicken";"American";"Frying";"15 minutes";"15 minutes";"Bread and fry chicken strips until crispy. Serve with dipping sauce or on a salad."
"Roasted Vegetables";"Side Dish";"Vegetables";"American";"Roasting";"10 minutes";"30 minutes";"Toss chopped vegetables with olive oil and seasonings. Roast in the oven until tender and caramelized."
"Chia Seed Pudding";"Dessert";"Chia Seeds";"American";"Chilling";"10 minutes";"4 hours";"Mix chia seeds with milk or almond milk and sweetener. Refrigerate until thickened. Serve with fresh fruit."
"Sweet Potato Fries";"Side Dish";"Sweet Potatoes";"American";"Baking";"10 minutes";"30 minutes";"Cut sweet potatoes into fries and toss with olive oil and seasonings. Bake until crispy and golden."
"Chicken and Rice Soup";"Appetizer";"Chicken";"American";"Simmering";"15 minutes";"30 minutes";"Simmer chicken with rice, vegetables, and broth. Season to taste and serve hot."
"Lemon Bars";"Dessert";"Lemons";"American";"Baking";"15 minutes";"30 minutes";"Mix lemon juice, sugar, and eggs with flour and bake until set. Dust with powdered sugar before serving."
"Pesto Pasta";"Main Course";"Pasta";"Italian";"Sautéing";"15 minutes";"15 minutes";"Cook pasta and toss with pesto sauce made from basil, pine nuts, Parmesan, and olive oil. Garnish with extra Parmesan if desired."
"Vegetable Frittata";"Breakfast";"Vegetables";"American";"Baking";"10 minutes";"30 minutes";"Mix eggs with sautéed vegetables and cheese. Bake until set and lightly browned. Serve warm."
"Beef Chili";"Main Course";"Beef";"American";"Simmering";"15 minutes";"45 minutes";"Cook ground beef with onions, tomatoes, and chili spices. Simmer until thickened. Serve with cornbread or rice."
"Peach Cobbler";"Dessert";"Peach";"American";"Baking";"15 minutes";"45 minutes";"Mix sliced peaches with sugar and spices. Top with a biscuit dough and bake until topping is golden and peaches are bubbly."
"Spicy Tuna Sushi Rolls";"Appetizer";"Tuna";"Japanese";"Rolling";"30 minutes";"30 minutes";"Mix tuna with spicy mayo and roll with sushi rice and nori. Slice into bite-sized pieces and serve with soy sauce and pickled ginger."
"Eggplant Parmesan";"Main Course";"Eggplant";"Italian";"Baking";"20 minutes";"30 minutes";"Bread and fry eggplant slices, then layer with marinara sauce and mozzarella cheese. Bake until cheese is bubbly and golden."
"Baked Macaroni and Cheese";"Main Course";"Pasta";"American";"Baking";"15 minutes";"45 minutes";"Mix cooked macaroni with a cheese sauce made from cheddar, milk, and butter. Bake until bubbly and golden brown."
"Tom Yum Soup";"Appetizer";"Shrimp";"Thai";"Simmering";"10 minutes";"20 minutes";"Simmer shrimp with lemongrass, kaffir lime leaves, and tomatoes. Season with fish sauce and lime juice. Serve hot."
"Chicken Tortilla Soup";"Appetizer";"Chicken";"Mexican";"Simmering";"10 minutes";"30 minutes";"Cook chicken with tomatoes, beans, and spices. Top with tortilla strips and garnish with cilantro and lime."
"Carrot Cake";"Dessert";"Carrots";"American";"Baking";"20 minutes";"50 minutes";"Mix grated carrots with flour, sugar, and spices. Bake until a toothpick comes out clean. Frost with cream cheese frosting."
"Chicken Pot Pie";"Main Course";"Chicken";"American";"Baking";"20 minutes";"40 minutes";"Fill a pie crust with a mixture of chicken, vegetables, and gravy. Bake until crust is golden and filling is bubbly."
"Beef Empanadas";"Main Course";"Beef";"Latin American";"Baking";"30 minutes";"20 minutes";"Fill pastry dough with a mixture of seasoned ground beef, onions, and spices. Fold into half-moons and bake until golden brown."
"Chicken Kiev";"Main Course";"Chicken";"Ukrainian";"Baking";"20 minutes";"40 minutes";"Flatten chicken breasts and spread with a mixture of butter, garlic, and herbs. Roll up and coat with breadcrumbs. Bake until cooked through and golden brown."
"Chicken Alfredo";"Main Course";"Chicken";"Italian";"Sautéing";"15 minutes";"20 minutes";"Cook chicken strips and add to a creamy Alfredo sauce made from butter, cream, and Parmesan cheese. Toss with cooked fettuccine and garnish with parsley."
"Chicken Fajitas";"Main Course";"Chicken";"Mexican";"Grilling";"15 minutes";"15 minutes";"Grill chicken strips with bell peppers and onions. Serve with tortillas and your favorite fajita toppings like salsa and sour cream."
"Chocolate Mousse";"Dessert";"Chocolate";"French";"Chilling";"20 minutes";"2 hours";"Melt chocolate and fold into whipped cream. Chill until set. Serve with fresh berries or a dollop of whipped cream."
"Fruit Smoothie";"Snack";"Mixed Fruits";"American";"Blending";"5 minutes";"0 minutes";"Blend fresh fruits (such as bananas, berries, and mango) with yogurt and honey until smooth. Serve chilled."
"Vegetable Stir-Fry";"Main Course";"Vegetables";"Chinese";"Stir-Frying";"10 minutes";"10 minutes";"Stir-fry a mix of vegetables (bell peppers, carrots, snow peas) in a hot pan with soy sauce and garlic. Serve over rice or noodles."
"Chicken Caesar Salad";"Appetizer";"Chicken";"American";"Assembling";"10 minutes";"0 minutes";"Toss romaine lettuce with Caesar dressing, croutons, and grilled chicken. Top with Parmesan cheese."
"Sweet Potato Fries";"Side Dish";"Sweet Potatoes";"American";"Baking";"10 minutes";"30 minutes";"Cut sweet potatoes into fries and toss with olive oil and seasonings. Bake until crispy and golden."
"Vegetable Curry";"Main Course";"Vegetables";"Indian";"Simmering";"15 minutes";"30 minutes";"Cook a mix of vegetables in a curry sauce made from onions, garlic, ginger, and coconut milk. Serve with rice or naan."
"Cheesecake";"Dessert";"Cheese";"American";"Baking";"15 minutes";"60 minutes";"Mix cream cheese with sugar and eggs. Pour into a graham cracker crust and bake until set. Chill before serving."
"Roasted Vegetables";"Side Dish";"Vegetables";"American";"Roasting";"10 minutes";"30 minutes";"Toss chopped vegetables with olive oil and seasonings. Roast in the oven until tender and caramelized."
"Vegetarian Chili";"Main Course";"Beans";"American";"Simmering";"15 minutes";"30 minutes";"Cook a mix of beans with tomatoes, bell peppers, onions, and chili spices. Simmer until flavors are blended. Serve with cornbread."
"Fettuccine Alfredo";"Main Course";"Pasta";"Italian";"Sautéing";"15 minutes";"20 minutes";"Cook fettuccine pasta and toss with a sauce made from butter, cream, and Parmesan cheese. Serve with a sprinkle of parsley."
"Garlic Butter Shrimp";"Appetizer";"Shrimp";"American";"Sautéing";"10 minutes";"10 minutes";"Sauté shrimp in garlic butter until pink and cooked through. Serve with lemon wedges and chopped parsley."
"Beef Stroganoff";"Main Course";"Beef";"Russian";"Simmering";"20 minutes";"30 minutes";"Cook beef with onions, garlic, and mushrooms in a creamy sauce made from sour cream and beef broth. Serve over egg noodles."
"Pasta Primavera";"Main Course";"Pasta";"Italian";"Sautéing";"15 minutes";"20 minutes";"Cook pasta and toss with a variety of sautéed vegetables and a light olive oil or tomato sauce. Garnish with Parmesan cheese."
"Chicken Pot Pie";"Main Course";"Chicken";"American";"Baking";"20 minutes";"40 minutes";"Fill a pie crust with a mixture of chicken, vegetables, and gravy. Bake until crust is golden and filling is bubbly."
"Blueberry Muffins";"Dessert";"Blueberries";"American";"Baking";"15 minutes";"25 minutes";"Mix flour, sugar, and baking powder with milk, eggs, and blueberries. Bake in muffin tins until golden brown."
"Sweet Potato Fries";"Side Dish";"Sweet Potatoes";"American";"Baking";"10 minutes";"30 minutes";"Cut sweet potatoes into fries and toss with olive oil and seasonings. Bake until crispy and golden."
"Chocolate Cake";"Dessert";"Chocolate";"American";"Baking";"20 minutes";"30 minutes";"Mix flour, cocoa powder, sugar, and eggs. Bake until a toothpick comes out clean. Frost with chocolate ganache if desired."
"Garlic Butter Shrimp";"Appetizer";"Shrimp";"American";"Sautéing";"10 minutes";"10 minutes";"Sauté shrimp in garlic butter until pink and cooked through. Serve with lemon wedges and chopped parsley."
"Beef Tacos";"Main Course";"Beef";"Mexican";"Grilling";"15 minutes";"10 minutes";"Grill seasoned ground beef and serve in tortillas with salsa, cheese, and lettuce. Garnish with cilantro."
"Vegetable Frittata";"Breakfast";"Vegetables";"American";"Baking";"10 minutes";"30 minutes";"Mix eggs with sautéed vegetables and cheese. Bake until set and lightly browned. Serve warm."
"Peach Cobbler";"Dessert";"Peach";"American";"Baking";"15 minutes";"45 minutes";"Mix sliced peaches with sugar and spices. Top with a biscuit dough and bake until topping is golden and peaches are bubbly."
"Chicken Salad";"Appetizer";"Chicken";"American";"Assembling";"10 minutes";"0 minutes";"Mix shredded chicken with mayonnaise, celery, and herbs. Serve over lettuce or on a sandwich."
"Beef Tacos";"Main Course";"Beef";"Mexican";"Grilling";"15 minutes";"10 minutes";"Grill seasoned ground beef and serve in tortillas with salsa, cheese, and lettuce. Garnish with cilantro."
"Chocolate Mousse";"Dessert";"Chocolate";"French";"Chilling";"20 minutes";"2 hours";"Melt chocolate and fold into whipped cream. Chill until set. Serve with fresh berries or a dollop of whipped cream."
"Fettuccine Alfredo";"Main Course";"Pasta";"Italian";"Sautéing";"15 minutes";"20 minutes";"Cook fettuccine pasta and toss with a sauce made from butter, cream, and Parmesan cheese. Serve with a sprinkle of parsley."
"Beef Empanadas";"Main Course";"Beef";"Latin American";"Baking";"30 minutes";"20 minutes";"Fill pastry dough with a mixture of seasoned ground beef, onions, and spices. Fold into half-moons and bake until golden brown."
"Spicy Tuna Sushi Rolls";"Appetizer";"Tuna";"Japanese";"Rolling";"30 minutes";"30 minutes";"Mix tuna with spicy mayo and roll with sushi rice and nori. Slice into bite-sized pieces and serve with soy sauce and pickled ginger."
"Chicken Caesar Salad";"Appetizer";"Chicken";"American";"Assembling";"10 minutes";"0 minutes";"Toss romaine lettuce with Caesar dressing, croutons, and grilled chicken. Top with Parmesan cheese."
"Banana Smoothie";"Snack";"Bananas";"American";"Blending";"5 minutes";"0 minutes";"Blend bananas with milk and a touch of honey until smooth. Serve chilled."
"Chicken and Rice Soup";"Appetizer";"Chicken";"American";"Simmering";"15 minutes";"30 minutes";"Simmer chicken with rice, vegetables, and broth. Season to taste and serve hot."
"Garlic Butter Shrimp";"Appetizer";"Shrimp";"American";"Sautéing";"10 minutes";"10 minutes";"Sauté shrimp in garlic butter until pink and cooked through. Serve with lemon wedges and chopped parsley."
"Peach Cobbler";"Dessert";"Peach";"American";"Baking";"15 minutes";"45 minutes";"Mix sliced peaches with sugar and spices. Top with a biscuit dough and bake until topping is golden and peaches are bubbly."
"Chocolate Chip Cookies";"Dessert";"Chocolate Chips";"American";"Baking";"10 minutes";"15 minutes";"Mix flour, sugar, and butter with chocolate chips. Bake until edges are golden and centers are soft."
"Avocado Toast";"Snack";"Avocado";"American";"Toasting";"10 minutes";"5 minutes";"Toast slices of bread and top with mashed avocado, salt, pepper, and a squeeze of lemon juice. Garnish with sliced tomatoes or a poached egg if desired."
"Fruit Smoothie";"Snack";"Mixed Fruits";"American";"Blending";"5 minutes";"0 minutes";"Blend fresh fruits (such as bananas, berries, and mango) with yogurt and honey until smooth. Serve chilled."
"Potato Gratin";"Side Dish";"Potatoes";"French";"Baking";"20 minutes";"50 minutes";"Layer thinly sliced potatoes with cream, cheese, and garlic. Bake until tender and golden brown on top."
"Chocolate Chip Cookies";"Dessert";"Chocolate Chips";"American";"Baking";"10 minutes";"15 minutes";"Mix flour, sugar, and butter with chocolate chips. Bake until edges are golden and centers are soft."
"Blueberry Muffins";"Dessert";"Blueberries";"American";"Baking";"15 minutes";"25 minutes";"Mix flour, sugar, and baking powder with milk, eggs, and blueberries. Bake in muffin tins until golden brown."
"Vegetable Lasagna";"Main Course";"Vegetables";"Italian";"Baking";"30 minutes";"50 minutes";"Layer lasagna noodles with a mixture of ricotta cheese, spinach, and marinara sauce. Top with mozzarella cheese and bake until bubbly."
"Chicken Kiev";"Main Course";"Chicken";"Ukrainian";"Baking";"20 minutes";"40 minutes";"Flatten chicken breasts and spread with a mixture of butter, garlic, and herbs. Roll up and coat with breadcrumbs. Bake until cooked through and golden brown."
"Beef Chili";"Main Course";"Beef";"American";"Simmering";"15 minutes";"45 minutes";"Cook ground beef with onions, tomatoes, and chili spices. Simmer until thickened. Serve with cornbread or rice."
"Sweet Potato Fries";"Side Dish";"Sweet Potatoes";"American";"Baking";"10 minutes";"30 minutes";"Cut sweet potatoes into fries and toss with olive oil and seasonings. Bake until crispy and golden."
"Spicy Tuna Sushi Rolls";"Appetizer";"Tuna";"Japanese";"Rolling";"30 minutes";"30 minutes";"Mix tuna with spicy mayo and roll with sushi rice and nori. Slice into bite-sized pieces and serve with soy sauce and pickled ginger."
"Chicken Salad";"Appetizer";"Chicken";"American";"Assembling";"10 minutes";"0 minutes";"Mix shredded chicken with mayonnaise, celery, and herbs. Serve over lettuce or on a sandwich."
"Beef and Ale Pie";"Main Course";"Beef";"British";"Baking";"30 minutes";"90 minutes";"Cook beef with onions and ale. Fill a pie crust and bake until crust is golden and filling is thickened."
"Fettuccine Alfredo";"Main Course";"Pasta";"Italian";"Sautéing";"15 minutes";"20 minutes";"Cook fettuccine pasta and toss with a sauce made from butter, cream, and Parmesan cheese. Serve with a sprinkle of parsley."
"Chicken and Rice Soup";"Appetizer";"Chicken";"American";"Simmering";"15 minutes";"30 minutes";"Simmer chicken with rice, vegetables, and broth. Season to taste and serve hot."
"Garlic Butter Shrimp";"Appetizer";"Shrimp";"American";"Sautéing";"10 minutes";"10 minutes";"Sauté shrimp in garlic butter until pink and cooked through. Serve with lemon wedges and chopped parsley."
"Fruit Salad";"Dessert";"Mixed Fruits";"American";"Assembling";"10 minutes";"0 minutes";"Mix fresh fruits such as strawberries, oranges, and melons. Toss with a bit of honey and fresh mint if desired."
"Roasted Vegetables";"Side Dish";"Vegetables";"American";"Roasting";"10 minutes";"30 minutes";"Toss chopped vegetables with olive oil and seasonings. Roast in the oven until tender and caramelized."
"Spicy Tuna Sushi Rolls";"Appetizer";"Tuna";"Japanese";"Rolling";"30 minutes";"30 minutes";"Mix tuna with spicy mayo and roll with sushi rice and nori. Slice into bite-sized pieces and serve with soy sauce and pickled ginger."
"Peach Cobbler";"Dessert";"Peach";"American";"Baking";"15 minutes";"45 minutes";"Mix sliced peaches with sugar and spices. Top with a biscuit dough and bake until topping is golden and peaches are bubbly."
"Potato Gratin";"Side Dish";"Potatoes";"French";"Baking";"20 minutes";"50 minutes";"Layer thinly sliced potatoes with cream, cheese, and garlic. Bake until tender and golden brown on top."
"Vegetable Stir-Fry";"Main Course";"Vegetables";"Chinese";"Stir-Frying";"10 minutes";"10 minutes";"Stir-fry a mix of vegetables (bell peppers, carrots, snow peas) in a hot pan with soy sauce and garlic. Serve over rice or noodles."
"Chicken Tortilla Soup";"Appetizer";"Chicken";"Mexican";"Simmering";"10 minutes";"30 minutes";"Cook chicken with tomatoes, beans, and spices. Top with tortilla strips and garnish with cilantro and lime."
"Garlic Butter Shrimp";"Appetizer";"Shrimp";"American";"Sautéing";"10 minutes";"10 minutes";"Sauté shrimp in garlic butter until pink and cooked through. Serve with lemon wedges and chopped parsley."
"Sweet Potato Fries";"Side Dish";"Sweet Potatoes";"American";"Baking";"10 minutes";"30 minutes";"Cut sweet potatoes into fries and toss with olive oil and seasonings. Bake until crispy and golden."
"Vegetarian Chili";"Main Course";"Beans";"American";"Simmering";"15 minutes";"30 minutes";"Cook a mix of beans with tomatoes, bell peppers, onions, and chili spices. Simmer until flavors are blended. Serve with cornbread."
"Banana Smoothie";"Snack";"Bananas";"American";"Blending";"5 minutes";"0 minutes";"Blend bananas with milk and a touch of honey until smooth. Serve chilled."
"Vegetable Frittata";"Breakfast";"Vegetables";"American";"Baking";"10 minutes";"30 minutes";"Mix eggs with sautéed vegetables and cheese. Bake until set and lightly browned. Serve warm."
"Chocolate Mousse";"Dessert";"Chocolate";"French";"Chilling";"20 minutes";"2 hours";"Melt chocolate and fold into whipped cream. Chill until set. Serve with fresh berries or a dollop of whipped cream."
"Blueberry Muffins";"Dessert";"Blueberries";"American";"Baking";"15 minutes";"25 minutes";"Mix flour, sugar, and baking powder with milk, eggs, and blueberries. Bake in muffin tins until golden brown."
"Avocado Toast";"Snack";"Avocado";"American";"Toasting";"10 minutes";"5 minutes";"Toast slices of bread and top with mashed avocado, salt, pepper, and a squeeze of lemon juice. Garnish with sliced tomatoes or a poached egg if desired."
"Potato Gratin";"Side Dish";"Potatoes";"French";"Baking";"20 minutes";"50 minutes";"Layer thinly sliced potatoes with cream, cheese, and garlic. Bake until tender and golden brown on top."
"Vegetable Lasagna";"Main Course";"Vegetables";"Italian";"Baking";"30 minutes";"50 minutes";"Layer lasagna noodles with a mixture of ricotta cheese, spinach, and marinara sauce. Top with mozzarella cheese and bake until bubbly."
"Sweet Potato Fries";"Side Dish";"Sweet Potatoes";"American";"Baking";"10 minutes";"30 minutes";"Cut sweet potatoes into fries and toss with olive oil and seasonings. Bake until crispy and golden."
"Chicken Caesar Salad";"Appetizer";"Chicken";"American";"Assembling";"10 minutes";"0 minutes";"Toss romaine lettuce with Caesar dressing, croutons, and grilled chicken. Top with Parmesan cheese."
"Vegetable Stir-Fry";"Main Course";"Vegetables";"Chinese";"Stir-Frying";"10 minutes";"10 minutes";"Stir-fry a mix of vegetables (bell peppers, carrots, snow peas) in a hot pan with soy sauce and garlic. Serve over rice or noodles."
"Vegetable Lasagna";"Main Course";"Vegetables";"Italian";"Baking";"30 minutes";"50 minutes";"Layer lasagna noodles with a mixture of ricotta cheese, spinach, and marinara sauce. Top with mozzarella cheese and bake until bubbly."
"Chocolate Chip Cookies";"Dessert";"Chocolate Chips";"American";"Baking";"10 minutes";"15 minutes";"Mix flour, sugar, and butter with chocolate chips. Bake until edges are golden and centers are soft."
"Chicken Pot Pie";"Main Course";"Chicken";"American";"Baking";"20 minutes";"40 minutes";"Fill a pie crust with a mixture of chicken, vegetables, and gravy. Bake until crust is golden and filling is bubbly."
"Chicken Tortilla Soup";"Appetizer";"Chicken";"Mexican";"Simmering";"10 minutes";"30 minutes";"Cook chicken with tomatoes, beans, and spices. Top with tortilla strips and garnish with cilantro and lime."
"Beef Empanadas";"Main Course";"Beef";"Latin American";"Baking";"30 minutes";"20 minutes";"Fill pastry dough with a mixture of seasoned ground beef, onions, and spices. Fold into half-moons and bake until golden brown."
"Chicken Salad";"Appetizer";"Chicken";"American";"Assembling";"10 minutes";"0 minutes";"Mix shredded chicken with mayonnaise, celery, and herbs. Serve over lettuce or on a sandwich."
"Chocolate Cake";"Dessert";"Chocolate";"American";"Baking";"20 minutes";"30 minutes";"Mix flour, cocoa powder, sugar, and eggs. Bake until a toothpick comes out clean. Frost with chocolate ganache if desired."
"Beef Stroganoff";"Main Course";"Beef";"Russian";"Simmering";"20 minutes";"30 minutes";"Cook beef with onions, garlic, and mushrooms in a creamy sauce made from sour cream and beef broth. Serve over egg noodles."
"Beef Chili";"Main Course";"Beef";"American";"Simmering";"15 minutes";"45 minutes";"Cook ground beef with onions, tomatoes, and chili spices. Simmer until thickened. Serve with cornbread or rice."
"Vegetable Stir-Fry";"Main Course";"Vegetables";"Chinese";"Stir-Frying";"10 minutes";"10 minutes";"Stir-fry a mix of vegetables (bell peppers, carrots, snow peas) in a hot pan with soy sauce and garlic. Serve over rice or noodles."
"Sweet Potato Fries";"Side Dish";"Sweet Potatoes";"American";"Baking";"10 minutes";"30 minutes";"Cut sweet potatoes into fries and toss with olive oil and seasonings. Bake until crispy and golden."
"Spicy Tuna Sushi Rolls";"Appetizer";"Tuna";"Japanese";"Rolling";"30 minutes";"30 minutes";"Mix tuna with spicy mayo and roll with sushi rice and nori. Slice into bite-sized pieces and serve with soy sauce and pickled ginger."
"Fruit Smoothie";"Snack";"Mixed Fruits";"American";"Blending";"5 minutes";"0 minutes";"Blend fresh fruits (such as bananas, berries, and mango) with yogurt and honey until smooth. Serve chilled."
"Banana Smoothie";"Snack";"Bananas";"American";"Blending";"5 minutes";"0 minutes";"Blend bananas with milk and a touch of honey until smooth. Serve chilled."
"Garlic Butter Shrimp";"Appetizer";"Shrimp";"American";"Sautéing";"10 minutes";"10 minutes";"Sauté shrimp in garlic butter until pink and cooked through. Serve with lemon wedges and chopped parsley."
"Blueberry Muffins";"Dessert";"Blueberries";"American";"Baking";"15 minutes";"25 minutes";"Mix flour, sugar, and baking powder with milk, eggs, and blueberries. Bake in muffin tins until golden brown."
"Beef Empanadas";"Main Course";"Beef";"Latin American";"Baking";"30 minutes";"20 minutes";"Fill pastry dough with a mixture of seasoned ground beef, onions, and spices. Fold into half-moons and bake until golden brown."
"Chicken Caesar Salad";"Appetizer";"Chicken";"American";"Assembling";"10 minutes";"0 minutes";"Toss romaine lettuce with Caesar dressing, croutons, and grilled chicken. Top with Parmesan cheese."
"Vegetable Frittata";"Breakfast";"Vegetables";"American";"Baking";"10 minutes";"30 minutes";"Mix eggs with sautéed vegetables and cheese. Bake until set and lightly browned. Serve warm."
"Vegetable Lasagna";"Main Course";"Vegetables";"Italian";"Baking";"30 minutes";"50 minutes";"Layer lasagna noodles with a mixture of ricotta cheese, spinach, and marinara sauce. Top with mozzarella cheese and bake until bubbly."
"Chocolate Cake";"Dessert";"Chocolate";"American";"Baking";"20 minutes";"30 minutes";"Mix flour, cocoa powder, sugar, and eggs. Bake until a toothpick comes out clean. Frost with chocolate ganache if desired."
"Chicken Pot Pie";"Main Course";"Chicken";"American";"Baking";"20 minutes";"40 minutes";"Fill a pie crust with a mixture of chicken, vegetables, and gravy. Bake until crust is golden and filling is bubbly."
"Roasted Vegetables";"Side Dish";"Vegetables";"American";"Roasting";"10 minutes";"30 minutes";"Toss chopped vegetables with olive oil and seasonings. Roast in the oven until tender and caramelized."
"Spicy Tuna Sushi Rolls";"Appetizer";"Tuna";"Japanese";"Rolling";"30 minutes";"30 minutes";"Mix tuna with spicy mayo and roll with sushi rice and nori. Slice into bite-sized pieces and serve with soy sauce and pickled ginger."
"Fruit Salad";"Dessert";"Mixed Fruits";"American";"Assembling";"10 minutes";"0 minutes";"Mix fresh fruits such as strawberries, oranges, and melons. Toss with a bit of honey and fresh mint if desired."
"Avocado Toast";"Snack";"Avocado";"American";"Toasting";"10 minutes";"5 minutes";"Toast slices of bread and top with mashed avocado, salt, pepper, and a squeeze of lemon juice. Garnish with sliced tomatoes or a poached egg if desired."
"Vegetable Lasagna";"Main Course";"Vegetables";"Italian";"Baking";"30 minutes";"50 minutes";"Layer lasagna noodles with a mixture of ricotta cheese, spinach, and marinara sauce. Top with mozzarella cheese and bake until bubbly."
"Beef and Ale Pie";"Main Course";"Beef";"British";"Baking";"30 minutes";"90 minutes";"Cook beef with onions and ale. Fill a pie crust and bake until crust is golden and filling is thickened."
"Beef Tacos";"Main Course";"Beef";"Mexican";"Grilling";"15 minutes";"10 minutes";"Grill seasoned ground beef and serve in tortillas with salsa, cheese, and lettuce. Garnish with cilantro."
"Spicy Tuna Sushi Rolls";"Appetizer";"Tuna";"Japanese";"Rolling";"30 minutes";"30 minutes";"Mix tuna with spicy mayo and roll with sushi rice and nori. Slice into bite-sized pieces and serve with soy sauce and pickled ginger."
"Vegetarian Chili";"Main Course";"Beans";"American";"Simmering";"15 minutes";"30 minutes";"Cook a mix of beans with tomatoes, bell peppers, onions, and chili spices. Simmer until flavors are blended. Serve with cornbread."
"Beef Stroganoff";"Main Course";"Beef";"Russian";"Simmering";"20 minutes";"30 minutes";"Cook beef with onions, garlic, and mushrooms in a creamy sauce made from sour cream and beef broth. Serve over egg noodles."
"Chocolate Chip Cookies";"Dessert";"Chocolate Chips";"American";"Baking";"10 minutes";"15 minutes";"Mix flour, sugar, and butter with chocolate chips. Bake until edges are golden and centers are soft."
"Vegetable Stir-Fry";"Main Course";"Vegetables";"Chinese";"Stir-Frying";"10 minutes";"10 minutes";"Stir-fry a mix of vegetables (bell peppers, carrots, snow peas) in a hot pan with soy sauce and garlic. Serve over rice or noodles."
"Beef Empanadas";"Main Course";"Beef";"Latin American";"Baking";"30 minutes";"20 minutes";"Fill pastry dough with a mixture of seasoned ground beef, onions, and spices. Fold into half-moons and bake until golden brown."
"Chicken Caesar Salad";"Appetizer";"Chicken";"American";"Assembling";"10 minutes";"0 minutes";"Toss romaine lettuce with Caesar dressing, croutons, and grilled chicken. Top with Parmesan cheese."
"Chicken and Rice Soup";"Appetizer";"Chicken";"American";"Simmering";"15 minutes";"30 minutes";"Simmer chicken with rice, vegetables, and broth. Season to taste and serve hot."
"Potato Gratin";"Side Dish";"Potatoes";"French";"Baking";"20 minutes";"50 minutes";"Layer thinly sliced potatoes with cream, cheese, and garlic. Bake until tender and golden brown on top."
"Chocolate Cake";"Dessert";"Chocolate";"American";"Baking";"20 minutes";"30 minutes";"Mix flour, cocoa powder, sugar, and eggs. Bake until a toothpick comes out clean. Frost with chocolate ganache if desired."
"Sweet Potato Fries";"Side Dish";"Sweet Potatoes";"American";"Baking";"10 minutes";"30 minutes";"Cut sweet potatoes into fries and toss with olive oil and seasonings. Bake until crispy and golden."
"Beef Empanadas";"Main Course";"Beef";"Latin American";"Baking";"30 minutes";"20 minutes";"Fill pastry dough with a mixture of seasoned ground beef, onions, and spices. Fold into half-moons and bake until golden brown."
"Vegetable Lasagna";"Main Course";"Vegetables";"Italian";"Baking";"30 minutes";"50 minutes";"Layer lasagna noodles with a mixture of ricotta cheese, spinach, and marinara sauce. Top with mozzarella cheese and bake until bubbly."
"Beef Chili";"Main Course";"Beef";"American";"Simmering";"15 minutes";"45 minutes";"Cook ground beef with onions, tomatoes, and chili spices. Simmer until thickened. Serve with cornbread or rice."
"Garlic Butter Shrimp";"Appetizer";"Shrimp";"American";"Sautéing";"10 minutes";"10 minutes";"Sauté shrimp in garlic butter until pink and cooked through. Serve with lemon wedges and chopped parsley."
"Chicken Tortilla Soup";"Appetizer";"Chicken";"Mexican";"Simmering";"10 minutes";"30 minutes";"Cook chicken with tomatoes, beans, and spices. Top with tortilla strips and garnish with cilantro and lime."
"Potato Gratin";"Side Dish";"Potatoes";"French";"Baking";"20 minutes";"50 minutes";"Layer thinly sliced potatoes with cream, cheese, and garlic. Bake until tender and golden brown on top."
"Chicken Caesar Salad";"Appetizer";"Chicken";"American";"Assembling";"10 minutes";"0 minutes";"Toss romaine lettuce with Caesar dressing, croutons, and grilled chicken. Top with Parmesan cheese."
"Blueberry Muffins";"Dessert";"Blueberries";"American";"Baking";"15 minutes";"25 minutes";"Mix flour, sugar, and baking powder with milk, eggs, and blueberries. Bake in muffin tins until golden brown."
"Vegetable Stir-Fry";"Main Course";"Vegetables";"Chinese";"Stir-Frying";"10 minutes";"10 minutes";"Stir-fry a mix of vegetables (bell peppers, carrots, snow peas) in a hot pan with soy sauce and garlic. Serve over rice or noodles."
"Spicy Tuna Sushi Rolls";"Appetizer";"Tuna";"Japanese";"Rolling";"30 minutes";"30 minutes";"Mix tuna with spicy mayo and roll with sushi rice and nori. Slice into bite-sized pieces and serve with soy sauce and pickled ginger."
"Chicken Pot Pie";"Main Course";"Chicken";"American";"Baking";"20 minutes";"40 minutes";"Fill a pie crust with a mixture of chicken, vegetables, and gravy. Bake until crust is golden and filling is bubbly."
"Sweet Potato Fries";"Side Dish";"Sweet Potatoes";"American";"Baking";"10 minutes";"30 minutes";"Cut sweet potatoes into fries and toss with olive oil and seasonings. Bake until crispy and golden."
"Vegetable Lasagna";"Main Course";"Vegetables";"Italian";"Baking";"30 minutes";"50 minutes";"Layer lasagna noodles with a mixture of ricotta cheese, spinach, and marinara sauce. Top with mozzarella cheese and bake until bubbly."
"Vegetarian Chili";"Main Course";"Beans";"American";"Simmering";"15 minutes";"30 minutes";"Cook a mix of beans with tomatoes, bell peppers, onions, and chili spices. Simmer until flavors are blended. Serve with cornbread."
"Beef Tacos";"Main Course";"Beef";"Mexican";"Grilling";"15 minutes";"10 minutes";"Grill seasoned ground beef and serve in tortillas with salsa, cheese, and lettuce. Garnish with cilantro."
"Chicken Tortilla Soup";"Appetizer";"Chicken";"Mexican";"Simmering";"10 minutes";"30 minutes";"Cook chicken with tomatoes, beans, and spices. Top with tortilla strips and garnish with cilantro and lime."
"Vegetable Stir-Fry";"Main Course";"Vegetables";"Chinese";"Stir-Frying";"10 minutes";"10 minutes";"Stir-fry a mix of vegetables (bell peppers, carrots, snow peas) in a hot pan with soy sauce and garlic. Serve over rice or noodles."
"Chicken Caesar Salad";"Appetizer";"Chicken";"American";"Assembling";"10 minutes";"0 minutes";"Toss romaine lettuce with Caesar dressing, croutons, and grilled chicken. Top with Parmesan cheese."
"Chocolate Cake";"Dessert";"Chocolate";"American";"Baking";"20 minutes";"30 minutes";"Mix flour, cocoa powder, sugar, and eggs. Bake until a toothpick comes out clean. Frost with chocolate ganache if desired."
"Beef Empanadas";"Main Course";"Beef";"Latin American";"Baking";"30 minutes";"20 minutes";"Fill pastry dough with a mixture of seasoned ground beef, onions, and spices. Fold into half-moons and bake until golden brown."
"Chocolate Chip Cookies";"Dessert";"Chocolate Chips";"American";"Baking";"10 minutes";"15 minutes";"Mix flour, sugar, and butter with chocolate chips. Bake until edges are golden and centers are soft."
"Chicken Pot Pie";"Main Course";"Chicken";"American";"Baking";"20 minutes";"40 minutes";"Fill a pie crust with a mixture of chicken, vegetables, and gravy. Bake until crust is golden and filling is bubbly."
"Potato Gratin";"Side Dish";"Potatoes";"French";"Baking";"20 minutes";"50 minutes";"Layer thinly sliced potatoes with cream, cheese, and garlic. Bake until tender and golden brown on top."
"Beef Stroganoff";"Main Course";"Beef";"Russian";"Simmering";"20 minutes";"30 minutes";"Cook beef with onions, garlic, and mushrooms in a creamy sauce made from sour cream and beef broth. Serve over egg noodles."
"Chocolate Cake";"Dessert";"Chocolate";"American";"Baking";"20 minutes";"30 minutes";"Mix flour, cocoa powder, sugar, and eggs. Bake until a toothpick comes out clean. Frost with chocolate ganache if desired."
"Chicken Caesar Salad";"Appetizer";"Chicken";"American";"Assembling";"10 minutes";"0 minutes";"Toss romaine lettuce with Caesar dressing, croutons, and grilled chicken. Top with Parmesan cheese."
"Chicken Pot Pie";"Main Course";"Chicken";"American";"Baking";"20 minutes";"40 minutes";"Fill a pie crust with a mixture of chicken, vegetables, and gravy. Bake until crust is golden and filling is bubbly."
"Vegetable Stir-Fry";"Main Course";"Vegetables";"Chinese";"Stir-Frying";"10 minutes";"10 minutes";"Stir-fry a mix of vegetables (bell peppers, carrots, snow peas) in a hot pan with soy sauce and garlic. Serve over rice or noodles."
"Beef Tacos";"Main Course";"Beef";"Mexican";"Grilling";"15 minutes";"10 minutes";"Grill seasoned ground beef and serve in tortillas with salsa, cheese, and lettuce. Garnish with cilantro."
"Chicken Tortilla Soup";"Appetizer";"Chicken";"Mexican";"Simmering";"10 minutes";"30 minutes";"Cook chicken with tomatoes, beans, and spices. Top with tortilla strips and garnish with cilantro and lime."
"Vegetable Lasagna";"Main Course";"Vegetables";"Italian";"Baking";"30 minutes";"50 minutes";"Layer lasagna noodles with a mixture of ricotta cheese, spinach, and marinara sauce. Top with mozzarella cheese and bake until bubbly."
"Chicken Caesar Salad";"Appetizer";"Chicken";"American";"Assembling";"10 minutes";"0 minutes";"Toss romaine lettuce with Caesar dressing, croutons, and grilled chicken. Top with Parmesan cheese."
"Beef Empanadas";"Main Course";"Beef";"Latin American";"Baking";"30 minutes";"20 minutes";"Fill pastry dough with a mixture of seasoned ground beef, onions, and spices. Fold into half-moons and bake until golden brown."
"Vegetable Lasagna";"Main Course";"Vegetables";"Italian";"Baking";"30 minutes";"50 minutes";"Layer lasagna noodles with a mixture of ricotta cheese, spinach, and marinara sauce. Top with mozzarella cheese and bake until bubbly."
"Beef Chili";"Main Course";"Beef";"American";"Simmering";"15 minutes";"45 minutes";"Cook ground beef with onions, tomatoes, and chili spices. Simmer until thickened. Serve with cornbread or rice."
"Vegetarian Chili";"Main Course";"Beans";"American";"Simmering";"15 minutes";"30 minutes";"Cook a mix of beans with tomatoes, bell peppers, onions, and chili spices. Simmer until flavors are blended. Serve with cornbread."
"Chicken Pot Pie";"Main Course";"Chicken";"American";"Baking";"20 minutes";"40 minutes";"Fill a pie crust with a mixture of chicken, vegetables, and gravy. Bake until crust is golden and filling is bubbly."
"Sweet Potato Fries";"Side Dish";"Sweet Potatoes";"American";"Baking";"10 minutes";"30 minutes";"Cut sweet potatoes into fries and toss with olive oil and seasonings. Bake until crispy and golden."
"Vegetable Lasagna";"Main Course";"Vegetables";"Italian";"Baking";"30 minutes";"50 minutes";"Layer lasagna noodles with a mixture of ricotta cheese, spinach, and marinara sauce. Top with mozzarella cheese and bake until bubbly."
